Problem name,Problem Link,Topic,Difficulty,Skill,Platform
The Lead Game,https://www.codechef.com/problems/TLG,Arrays,Easy,Basic,Codechef
Counting Pretty Numbers,https://www.codechef.com/problems/NUM239,Arrays,Easy,Basic,Codechef
Difficulty Rating Order,https://www.codechef.com/problems/RATINGINPRAC,Arrays,Easy,Basic,Codechef
"Red Light, Green Light",https://www.codechef.com/problems/DOLL,Arrays,Easy,Basic,Codechef
Chef and Dolls,https://www.codechef.com/problems/MISSP,Arrays,Easy,Basic,Codechef
That Is My Score!,https://www.codechef.com/problems/WATSCORE,Arrays,Easy,Basic,Codechef
Mathison and pangrams,https://www.codechef.com/problems/MATPAN,Arrays,Medium,Intermediate,Codechef
Dominant Element,https://www.codechef.com/problems/DOMINANT2,Arrays,Medium,Intermediate,Codechef
Broken Telephone,https://www.codechef.com/problems/BROKPHON,Arrays,Medium,Intermediate,Codechef
Chef and digits of a number,https://www.codechef.com/problems/LONGSEQ,Arrays,Medium,Intermediate,Codechef
XOR maximum-minimum matrices,https://www.codechef.com/problems/MAXXMIN,Arrays,Hard,Advanced,Codechef
Matrix Permutations,https://www.codechef.com/problems/MATPERM,Arrays,Hard,Advanced,Codechef
Wordle,https://www.codechef.com/problems/WORDLE,Strings,Easy,Basic,Codechef
The Block Game,https://www.codechef.com/problems/PALL01,Strings,Easy,Basic,Codechef
Compress the Video,https://www.codechef.com/problems/COMPRESSVD,Strings,Easy,Basic,Codechef
Rearranging digits to get a multiple of 5,https://www.codechef.com/problems/DIGARR,Strings,Easy,Intermediate,Codechef
Penalty Shoot-out,https://www.codechef.com/problems/CPLAY,Strings,Easy,Intermediate,Codechef
Different String,https://www.codechef.com/problems/DIFSTR,Strings,Medium,Intermediate,Codechef
Let us construct palindrome,https://www.codechef.com/problems/PRPALN,Strings,Medium,Intermediate,Codechef
Stamps 100,https://www.codechef.com/problems/S100,Strings,Medium,Intermediate,Codechef
Valleys and Hills,https://www.codechef.com/problems/VANDH,Strings,Medium,Intermediate,Codechef
A String Game,https://www.codechef.com/problems/ASTRGAME,Strings,Medium,Intermediate,Codechef
Vowel Anxiety,https://www.codechef.com/problems/VOWANX,Strings,Medium,Intermediate,Codechef
Binary Mismatch,https://www.codechef.com/problems/BINMIS,Strings,Medium,Intermediate,Codechef
Fibonacci String,https://www.codechef.com/problems/CLFIBD,Strings,Medium,Intermediate,Codechef
Chef Hates Palindromes,https://www.codechef.com/problems/CHEFHPAL,Strings,Medium,Advanced,Codechef
Count Substrings,https://www.codechef.com/problems/SUBCOUNT,Strings,Hard,Advanced,Codechef
Greedy,https://www.codechef.com/problems/LASTRBS,Strings,Hard,Advanced,Codechef
Trees and Subtrees,https://www.codechef.com/problems/TRSUBTR,Strings,Hard,Advanced,Codechef
Sed Passwords,https://www.codechef.com/problems/SEDPASS,Strings,Hard,Advanced,Codechef
Lucy and the Flowers,https://www.codechef.com/problems/DECORATE,Strings,Hard,Advanced,Codechef
Simple Editor,https://www.codechef.com/problems/TAEDITOR,Strings,Hard,Advanced,Codechef
Audible Range,https://www.codechef.com/problems/AUDIBLE,Math,Easy,Basic,Codechef
Tax in Chefland,https://www.codechef.com/problems/TAXES,Math,Easy,Basic,Codechef
Determine the Score,https://www.codechef.com/problems/DETSCORE,Math,Easy,Basic,Codechef
Fitness,https://www.codechef.com/problems/FIT,Math,Easy,Basic,Codechef
Saving Taxes,https://www.codechef.com/problems/TAXSAVING,Math,Easy,Basic,Codechef
One Stone or Two Stones,https://www.codechef.com/problems/ONEORTWO,Math,Easy,Intermediate,Codechef
Chef and Ridges,https://www.codechef.com/problems/PRDRG,Math,Easy,Intermediate,Codechef
Car-pal Tunnel,https://www.codechef.com/problems/CARPTUN,Math,Medium,Intermediate,Codechef
Sum Product Segments,https://www.codechef.com/problems/SUMPRODSEG,Math,Medium,Intermediate,Codechef
OR Tuples,https://www.codechef.com/problems/ORTUPLES,Math,Medium,Intermediate,Codechef
Mystical Numbers,https://www.codechef.com/problems/XORGAND,Math,Medium,Advanced,Codechef
Average Gift,https://www.codechef.com/problems/AVGGIFT,Math,Medium,Advanced,Codechef
Guess the Tiling,https://www.codechef.com/problems/TILESQRS,Math,Hard,Advanced,Codechef
Minimum OR Path,https://www.codechef.com/problems/MINORPATH,Math,Hard,Advanced,Codechef
XOR Times 2 Is Sum,https://www.codechef.com/problems/XORXORSUM,Math,Hard,Advanced,Codechef
Square Submatrices,https://www.codechef.com/problems/SQRSUBMA,Math,Hard,Advanced,Codechef
Equivalent Exchange of Triangles,https://www.codechef.com/problems/LEQEX,Math,Hard,Advanced,Codechef
Paying up,https://www.codechef.com/problems/A1,Dynamic Programming,Medium,Basic,Codechef
Pogo Stick Competition,https://www.codechef.com/problems/POGOSTCK,Dynamic Programming,Medium,Intermediate,Codechef
Stacking Pancakes,https://www.codechef.com/problems/PANSTACK,Dynamic Programming,Medium,Intermediate,Codechef
Binary Substituition,https://www.codechef.com/problems/BINARYSUB,Dynamic Programming,Medium,Intermediate,Codechef
Event Organizer,https://www.codechef.com/problems/MAXCOMP,Dynamic Programming,Medium,Intermediate,Codechef
Choosing from Buckets,https://www.codechef.com/problems/BUCKETS,Dynamic Programming,Medium,Intermediate,Codechef
Reign,https://www.codechef.com/problems/REIGN,Dynamic Programming,Medium,Intermediate,Codechef
A String Game,https://www.codechef.com/problems/ASTRGAME,Dynamic Programming,Medium,Intermediate,Codechef
Adjacent Xors,https://www.codechef.com/problems/ADJXOR2,Dynamic Programming,Medium,Intermediate,Codechef
"Cards, bags and coins",https://www.codechef.com/problems/ANUCBC,Dynamic Programming,Hard,Advanced,Codechef
Smallest Beautiful Number,https://www.codechef.com/problems/LSTBTF,Dynamic Programming,Hard,Advanced,Codechef
Colorful Chain,https://www.codechef.com/problems/COLCHAIN,Dynamic Programming,Hard,Advanced,Codechef
Meteor,https://www.codechef.com/problems/METEORAK,Dynamic Programming,Hard,Advanced,Codechef
Swarm of Polygons,https://www.codechef.com/problems/SWARM,Dynamic Programming,Hard,Advanced,Codechef
Is it uniquely decodable,https://www.codechef.com/problems/UNIQUEDECODE,Dynamic Programming,Hard,Advanced,Codechef
Most Popular Friend,https://www.codechef.com/problems/LOKBIL,Graphs,Medium,Intermediate,Codechef
Breaking Into Atoms,https://www.codechef.com/problems/ATOMS,Graphs,Medium,Intermediate,Codechef
Binary Shuffle,https://www.codechef.com/problems/BINSHFFL,Graphs,Medium,Intermediate,Codechef
Houses and Restaurants,https://www.codechef.com/problems/RHOUSE,Graphs,Medium,Intermediate,Codechef
Minimum Coloring,https://www.codechef.com/problems/MINCOLOR,Graphs,Medium,Intermediate,Codechef
Balanced Walks,https://www.codechef.com/problems/BALANCED,Graphs,Medium,Advanced,Codechef
Chef and Robots Competition,https://www.codechef.com/problems/CHEFARC,Graphs,Medium,Advanced,Codechef
Tree House,https://www.codechef.com/problems/THOUSES,Graphs,Medium,Advanced,Codechef
Winter,https://www.codechef.com/problems/ELWINTER,Graphs,Medium,Advanced,Codechef
Tidying Posters,https://www.codechef.com/problems/POSTERS,Graphs,Medium,Advanced,Codechef
Game of Numbers,https://www.codechef.com/problems/GNUM,Graphs,Hard,Basic,Codechef
Ada Matrix,https://www.codechef.com/problems/ADAMTR,Graphs,Hard,Intermediate,Codechef
"Devu, his friends and birthday gifts",https://www.codechef.com/problems/DEVBDAY,Graphs,Hard,Basic,Codechef
Lucy and the Flowers,https://www.codechef.com/problems/DECORATE,Graphs,Hard,Intermediate,Codechef
Computer Network,https://www.codechef.com/problems/EXNETWRK,Graphs,Hard,Advanced,Codechef
Profitable Paths,https://www.codechef.com/problems/PRT,Graphs,Hard,Advanced,Codechef
Chef and Lockout Draws,https://www.codechef.com/problems/LOCKDRAW,Sorting,Easy,Basic,Codechef
Simple Sorting,https://www.codechef.com/problems/TSORT,Sorting,Easy,Basic,Codechef
Chef Travel Routes,https://www.codechef.com/problems/TRAVELER,Sorting,Medium,Intermediate,Codechef
Akash and Dinner,https://www.codechef.com/problems/CHEFDINE,Sorting,Medium,Intermediate,Codechef
Warrior Chef,https://www.codechef.com/problems/WARRIORCHEF,Sorting,Medium,Intermediate,Codechef
B - Valentine Couples,https://www.codechef.com/problems/VCOUPLE,Sorting,Medium,Intermediate,Codechef
Distinct Pairs,https://www.codechef.com/problems/DPAIRS,Sorting,Hard,Advanced,Codechef
Zombie and the Caves,https://www.codechef.com/problems/ZOMCAV,Sorting,Hard,Advanced,Codechef
Frequency Array Retrieval,https://www.codechef.com/problems/FREQARRRET,Sorting,Hard,Advanced,Codechef
Chef and Interesting Subsequences,https://www.codechef.com/problems/CHEFINSQ,Sorting,Hard,Advanced,Codechef
Chef and the Feast,https://www.codechef.com/problems/NEO01,Sorting,Hard,Advanced,Codechef
Bomb the base,https://www.codechef.com/problems/BOMBTHEBASE,Greedy,Easy,Basic,Codechef
First and Last,https://www.codechef.com/problems/FIRSTANDLAST,Greedy,Easy,Basic,Codechef
Janmansh at Fruit Market,https://www.codechef.com/problems/JMARKET,Greedy,Easy,Basic,Codechef
Score High,https://www.codechef.com/problems/HIGHSCORE,Greedy,Easy,Basic,Codechef
K-Subarrays,https://www.codechef.com/problems/KSUB,Greedy,Medium,Basic,Codechef
Maximum Median Matching,https://www.codechef.com/problems/MEDMAXMATCH,Greedy,Medium,Intermediate,Codechef
Concat Sort,https://www.codechef.com/problems/CONCATSORT,Greedy,Medium,Intermediate,Codechef
Birthday Gifts,https://www.codechef.com/problems/TWINGFT,Greedy,Medium,Intermediate,Codechef
Equalize the Array,https://www.codechef.com/problems/EQAR,Greedy,Hard,Advanced,Codechef
Tree Flow,https://www.codechef.com/problems/TREF,Greedy,Hard,Advanced,Codechef
Banana String,https://www.codechef.com/problems/BANSTR,Greedy,Hard,Advanced,Codechef
Balanced 0-1 Tree,https://www.codechef.com/problems/B01T,Greedy,Hard,Advanced,Codechef
Minimum OR Path,https://www.codechef.com/problems/MINORPATH,Greedy,Hard,Advanced,Codechef
Add Two Numbers,https://leetcode.com/problems/add-two-numbers,Linked List,Medium,Intermediate,Leetcode
Longest Palindromic Substring,https://leetcode.com/problems/longest-palindromic-substring,"String,Dynamic Programming",Medium,Intermediate,Leetcode
ZigZag Conversion,https://leetcode.com/problems/zigzag-conversion,String,Medium,Intermediate,Leetcode
Regular Expression Matching,https://leetcode.com/problems/regular-expression-matching,"String,Dynamic Programming",Hard,Advanced,Leetcode
Longest Common Prefix,https://leetcode.com/problems/longest-common-prefix,String,Easy,Basic,Leetcode
Valid Parentheses,https://leetcode.com/problems/valid-parentheses,"String,Stack",Easy,Basic,Leetcode
Merge Two Sorted Lists,https://leetcode.com/problems/merge-two-sorted-lists,Linked List,Easy,Basic,Leetcode
Swap Nodes in Pairs,https://leetcode.com/problems/swap-nodes-in-pairs,Linked List,Medium,Intermediate,Leetcode
Reverse Nodes in k-Group,https://leetcode.com/problems/reverse-nodes-in-k-group,Linked List,Hard,Advanced,Leetcode
Next Permutation,https://leetcode.com/problems/next-permutation,Array,Medium,Intermediate,Leetcode
Longest Valid Parentheses,https://leetcode.com/problems/longest-valid-parentheses,"String,Dynamic Programming",Hard,Advanced,Leetcode
Count and Say,https://leetcode.com/problems/count-and-say,String,Medium,Intermediate,Leetcode
First Missing Positive,https://leetcode.com/problems/first-missing-positive,Array,Hard,Advanced,Leetcode
Jump Game II,https://leetcode.com/problems/jump-game-ii,Array,Medium,Intermediate,Leetcode
Rotate Image,https://leetcode.com/problems/rotate-image,Array,Medium,Intermediate,Leetcode
Maximum Subarray,https://leetcode.com/problems/maximum-subarray,"Array,Dynamic Programming",Easy,Basic,Leetcode
Spiral Matrix,https://leetcode.com/problems/spiral-matrix,Array,Medium,Intermediate,Leetcode
Jump Game,https://leetcode.com/problems/jump-game,Array,Medium,Intermediate,Leetcode
Merge Intervals,https://leetcode.com/problems/merge-intervals,Array,Medium,Intermediate,Leetcode
Insert Interval,https://leetcode.com/problems/insert-interval,Array,Medium,Intermediate,Leetcode
Length of Last Word,https://leetcode.com/problems/length-of-last-word,String,Easy,Basic,Leetcode
Spiral Matrix II,https://leetcode.com/problems/spiral-matrix-ii,Array,Medium,Intermediate,Leetcode
Unique Paths,https://leetcode.com/problems/unique-paths,"Array,Dynamic Programming",Medium,Intermediate,Leetcode
Unique Paths II,https://leetcode.com/problems/unique-paths-ii,"Array,Dynamic Programming",Medium,Intermediate,Leetcode
Minimum Path Sum,https://leetcode.com/problems/minimum-path-sum,"Array,Dynamic Programming",Medium,Intermediate,Leetcode
Plus One,https://leetcode.com/problems/plus-one,Array,Easy,Basic,Leetcode
Text Justification,https://leetcode.com/problems/text-justification,String,Hard,Advanced,Leetcode
Climbing Stairs,https://leetcode.com/problems/climbing-stairs,Dynamic Programming,Easy,Basic,Leetcode
Simplify Path,https://leetcode.com/problems/simplify-path,"String,Stack",Medium,Intermediate,Leetcode
Edit Distance,https://leetcode.com/problems/edit-distance,"String,Dynamic Programming",Hard,Advanced,Leetcode
Set Matrix Zeroes,https://leetcode.com/problems/set-matrix-zeroes,Array,Medium,Intermediate,Leetcode
Remove Duplicates from Sorted List II,https://leetcode.com/problems/remove-duplicates-from-sorted-list-ii,Linked List,Medium,Intermediate,Leetcode
Remove Duplicates from Sorted List,https://leetcode.com/problems/remove-duplicates-from-sorted-list,Linked List,Easy,Basic,Leetcode
Largest Rectangle in Histogram,https://leetcode.com/problems/largest-rectangle-in-histogram,"Array,Stack",Hard,Advanced,Leetcode
Scramble String,https://leetcode.com/problems/scramble-string,"String,Dynamic Programming",Hard,Advanced,Leetcode
Decode Ways,https://leetcode.com/problems/decode-ways,"String,Dynamic Programming",Medium,Intermediate,Leetcode
Reverse Linked List II,https://leetcode.com/problems/reverse-linked-list-ii,Linked List,Medium,Intermediate,Leetcode
Interleaving String,https://leetcode.com/problems/interleaving-string,"String,Dynamic Programming",Medium,Intermediate,Leetcode
Same Tree,https://leetcode.com/problems/same-tree,Tree,Easy,Basic,Leetcode
Symmetric Tree,https://leetcode.com/problems/symmetric-tree,Tree,Easy,Basic,Leetcode
Binary Tree Level Order Traversal,https://leetcode.com/problems/binary-tree-level-order-traversal,Tree,Medium,Intermediate,Leetcode
Binary Tree Zigzag Level Order Traversal,https://leetcode.com/problems/binary-tree-zigzag-level-order-traversal,"Stack,Tree",Medium,Intermediate,Leetcode
Maximum Depth of Binary Tree,https://leetcode.com/problems/maximum-depth-of-binary-tree,Tree,Easy,Basic,Leetcode
Construct Binary Tree from Preorder and Inorder Traversal,https://leetcode.com/problems/construct-binary-tree-from-preorder-and-inorder-traversal,"Array,Tree",Medium,Intermediate,Leetcode
Construct Binary Tree from Inorder and Postorder Traversal,https://leetcode.com/problems/construct-binary-tree-from-inorder-and-postorder-traversal,"Array,Tree",Medium,Intermediate,Leetcode
Binary Tree Level Order Traversal II,https://leetcode.com/problems/binary-tree-level-order-traversal-ii,Tree,Medium,Intermediate,Leetcode
Balanced Binary Tree,https://leetcode.com/problems/balanced-binary-tree,Tree,Easy,Basic,Leetcode
Minimum Depth of Binary Tree,https://leetcode.com/problems/minimum-depth-of-binary-tree,Tree,Easy,Basic,Leetcode
Path Sum,https://leetcode.com/problems/path-sum,Tree,Easy,Basic,Leetcode
Path Sum II,https://leetcode.com/problems/path-sum-ii,Tree,Medium,Intermediate,Leetcode
Flatten Binary Tree to Linked List,https://leetcode.com/problems/flatten-binary-tree-to-linked-list,Tree,Medium,Intermediate,Leetcode
Distinct Subsequences,https://leetcode.com/problems/distinct-subsequences,"String,Dynamic Programming",Hard,Advanced,Leetcode
Populating Next Right Pointers in Each Node,https://leetcode.com/problems/populating-next-right-pointers-in-each-node,Tree,Medium,Intermediate,Leetcode
Populating Next Right Pointers in Each Node II,https://leetcode.com/problems/populating-next-right-pointers-in-each-node-ii,Tree,Medium,Intermediate,Leetcode
Pascal's Triangle,https://leetcode.com/problems/pascals-triangle,Array,Easy,Basic,Leetcode
Pascal's Triangle II,https://leetcode.com/problems/pascals-triangle-ii,Array,Easy,Basic,Leetcode
Triangle,https://leetcode.com/problems/triangle,"Array,Dynamic Programming",Medium,Intermediate,Leetcode
Best Time to Buy and Sell Stock,https://leetcode.com/problems/best-time-to-buy-and-sell-stock,"Array,Dynamic Programming",Easy,Basic,Leetcode
Best Time to Buy and Sell Stock II,https://leetcode.com/problems/best-time-to-buy-and-sell-stock-ii,Array,Easy,Basic,Leetcode
Best Time to Buy and Sell Stock III,https://leetcode.com/problems/best-time-to-buy-and-sell-stock-iii,"Array,Dynamic Programming",Hard,Advanced,Leetcode
Binary Tree Maximum Path Sum,https://leetcode.com/problems/binary-tree-maximum-path-sum,Tree,Hard,Advanced,Leetcode
Sum Root to Leaf Numbers,https://leetcode.com/problems/sum-root-to-leaf-numbers,Tree,Medium,Intermediate,Leetcode
Palindrome Partitioning II,https://leetcode.com/problems/palindrome-partitioning-ii,Dynamic Programming,Hard,Advanced,Leetcode
Single Number,https://leetcode.com/problems/single-number,Bit Manipulation,Easy,Basic,Leetcode
Single Number II,https://leetcode.com/problems/single-number-ii,Bit Manipulation,Medium,Intermediate,Leetcode
Copy List with Random Pointer,https://leetcode.com/problems/copy-list-with-random-pointer,Linked List,Medium,Intermediate,Leetcode
Word Break,https://leetcode.com/problems/word-break,Dynamic Programming,Medium,Intermediate,Leetcode
Reorder List,https://leetcode.com/problems/reorder-list,Linked List,Medium,Intermediate,Leetcode
Binary Tree Preorder Traversal,https://leetcode.com/problems/binary-tree-preorder-traversal,"Stack,Tree",Medium,Intermediate,Leetcode
Binary Tree Postorder Traversal,https://leetcode.com/problems/binary-tree-postorder-traversal,"Stack,Tree",Medium,Intermediate,Leetcode
Insertion Sort List,https://leetcode.com/problems/insertion-sort-list,Linked List,Medium,Intermediate,Leetcode
Sort List,https://leetcode.com/problems/sort-list,Linked List,Medium,Intermediate,Leetcode
Evaluate Reverse Polish Notation,https://leetcode.com/problems/evaluate-reverse-polish-notation,Stack,Medium,Intermediate,Leetcode
Reverse Words in a String,https://leetcode.com/problems/reverse-words-in-a-string,String,Medium,Intermediate,Leetcode
Maximum Product Subarray,https://leetcode.com/problems/maximum-product-subarray,"Array,Dynamic Programming",Medium,Intermediate,Leetcode
Intersection of Two Linked Lists,https://leetcode.com/problems/intersection-of-two-linked-lists,Linked List,Easy,Basic,Leetcode
Compare Version Numbers,https://leetcode.com/problems/compare-version-numbers,String,Medium,Intermediate,Leetcode
Majority Element,https://leetcode.com/problems/majority-element,"Array,Bit Manipulation",Easy,Basic,Leetcode
Repeated DNA Sequences,https://leetcode.com/problems/repeated-dna-sequences,Bit Manipulation,Medium,Intermediate,Leetcode
Best Time to Buy and Sell Stock IV,https://leetcode.com/problems/best-time-to-buy-and-sell-stock-iv,Dynamic Programming,Hard,Advanced,Leetcode
Rotate Array,https://leetcode.com/problems/rotate-array,Array,Medium,Intermediate,Leetcode
Reverse Bits,https://leetcode.com/problems/reverse-bits,Bit Manipulation,Easy,Basic,Leetcode
Number of 1 Bits,https://leetcode.com/problems/number-of-1-bits,Bit Manipulation,Easy,Basic,Leetcode
House Robber,https://leetcode.com/problems/house-robber,Dynamic Programming,Medium,Intermediate,Leetcode
Binary Tree Right Side View,https://leetcode.com/problems/binary-tree-right-side-view,"Tree,Queue",Medium,Intermediate,Leetcode
Bitwise AND of Numbers Range,https://leetcode.com/problems/bitwise-and-of-numbers-range,Bit Manipulation,Medium,Intermediate,Leetcode
Remove Linked List Elements,https://leetcode.com/problems/remove-linked-list-elements,Linked List,Easy,Basic,Leetcode
Reverse Linked List,https://leetcode.com/problems/reverse-linked-list,Linked List,Easy,Basic,Leetcode
House Robber II,https://leetcode.com/problems/house-robber-ii,Dynamic Programming,Medium,Intermediate,Leetcode
Shortest Palindrome,https://leetcode.com/problems/shortest-palindrome,String,Hard,Advanced,Leetcode
Maximal Square,https://leetcode.com/problems/maximal-square,Dynamic Programming,Medium,Intermediate,Leetcode
Invert Binary Tree,https://leetcode.com/problems/invert-binary-tree,Tree,Easy,Basic,Leetcode
Basic Calculator II,https://leetcode.com/problems/basic-calculator-ii,"String,Stack",Medium,Intermediate,Leetcode
Summary Ranges,https://leetcode.com/problems/summary-ranges,Array,Easy,Basic,Leetcode
Majority Element II,https://leetcode.com/problems/majority-element-ii,Array,Medium,Intermediate,Leetcode
Power of Two,https://leetcode.com/problems/power-of-two,Bit Manipulation,Easy,Basic,Leetcode
Implement Queue using Stacks,https://leetcode.com/problems/implement-queue-using-stacks,Stack,Easy,Basic,Leetcode
Lowest Common Ancestor of a Binary Tree,https://leetcode.com/problems/lowest-common-ancestor-of-a-binary-tree,Tree,Medium,Intermediate,Leetcode
Delete Node in a Linked List,https://leetcode.com/problems/delete-node-in-a-linked-list,Linked List,Easy,Basic,Leetcode
Product of Array Except Self,https://leetcode.com/problems/product-of-array-except-self,Array,Medium,Intermediate,Leetcode
Binary Tree Paths,https://leetcode.com/problems/binary-tree-paths,Tree,Easy,Basic,Leetcode
Single Number III,https://leetcode.com/problems/single-number-iii,Bit Manipulation,Medium,Intermediate,Leetcode
Missing Number,https://leetcode.com/problems/missing-number,"Array,Bit Manipulation",Easy,Basic,Leetcode
Game of Life,https://leetcode.com/problems/game-of-life,Array,Medium,Intermediate,Leetcode
Range Sum Query - Immutable,https://leetcode.com/problems/range-sum-query-immutable,Dynamic Programming,Easy,Basic,Leetcode
Range Sum Query 2D - Immutable,https://leetcode.com/problems/range-sum-query-2d-immutable,Dynamic Programming,Medium,Intermediate,Leetcode
Best Time to Buy and Sell Stock with Cooldown,https://leetcode.com/problems/best-time-to-buy-and-sell-stock-with-cooldown,Dynamic Programming,Medium,Intermediate,Leetcode
Burst Balloons,https://leetcode.com/problems/burst-balloons,Dynamic Programming,Hard,Advanced,Leetcode
Maximum Product of Word Lengths,https://leetcode.com/problems/maximum-product-of-word-lengths,Bit Manipulation,Medium,Intermediate,Leetcode
Create Maximum Number,https://leetcode.com/problems/create-maximum-number,Dynamic Programming,Hard,Advanced,Leetcode
Coin Change,https://leetcode.com/problems/coin-change,Dynamic Programming,Medium,Intermediate,Leetcode
Odd Even Linked List,https://leetcode.com/problems/odd-even-linked-list,Linked List,Medium,Intermediate,Leetcode
Verify Preorder Serialization of a Binary Tree,https://leetcode.com/problems/verify-preorder-serialization-of-a-binary-tree,Stack,Medium,Intermediate,Leetcode
Counting Bits,https://leetcode.com/problems/counting-bits,"Dynamic Programming,Bit Manipulation",Medium,Intermediate,Leetcode
Power of Four,https://leetcode.com/problems/power-of-four,Bit Manipulation,Easy,Basic,Leetcode
Integer Break,https://leetcode.com/problems/integer-break,Dynamic Programming,Medium,Intermediate,Leetcode
Largest Divisible Subset,https://leetcode.com/problems/largest-divisible-subset,Dynamic Programming,Medium,Intermediate,Leetcode
Sum of Two Integers,https://leetcode.com/problems/sum-of-two-integers,Bit Manipulation,Medium,Intermediate,Leetcode
Combination Sum IV,https://leetcode.com/problems/combination-sum-iv,Dynamic Programming,Medium,Intermediate,Leetcode
Ransom Note,https://leetcode.com/problems/ransom-note,String,Easy,Basic,Leetcode
Mini Parser,https://leetcode.com/problems/mini-parser,"String,Stack",Medium,Intermediate,Leetcode
UTF-8 Validation,https://leetcode.com/problems/utf-8-validation,Bit Manipulation,Medium,Intermediate,Leetcode
Decode String,https://leetcode.com/problems/decode-string,Stack,Medium,Intermediate,Leetcode
Integer Replacement,https://leetcode.com/problems/integer-replacement,Bit Manipulation,Medium,Intermediate,Leetcode
Remove K Digits,https://leetcode.com/problems/remove-k-digits,Stack,Medium,Intermediate,Leetcode
Frog Jump,https://leetcode.com/problems/frog-jump,Dynamic Programming,Hard,Advanced,Leetcode
Sum of Left Leaves,https://leetcode.com/problems/sum-of-left-leaves,Tree,Easy,Basic,Leetcode
Convert a Number to Hexadecimal,https://leetcode.com/problems/convert-a-number-to-hexadecimal,Bit Manipulation,Easy,Basic,Leetcode
Arithmetic Slices,https://leetcode.com/problems/arithmetic-slices,Dynamic Programming,Medium,Intermediate,Leetcode
Third Maximum Number,https://leetcode.com/problems/third-maximum-number,Array,Easy,Basic,Leetcode
Add Strings,https://leetcode.com/problems/add-strings,String,Easy,Basic,Leetcode
Partition Equal Subset Sum,https://leetcode.com/problems/partition-equal-subset-sum,Dynamic Programming,Medium,Intermediate,Leetcode
N-ary Tree Level Order Traversal,https://leetcode.com/problems/n-ary-tree-level-order-traversal,Tree,Medium,Intermediate,Leetcode
Flatten a Multilevel Doubly Linked List,https://leetcode.com/problems/flatten-a-multilevel-doubly-linked-list,Linked List,Medium,Intermediate,Leetcode
Path Sum III,https://leetcode.com/problems/path-sum-iii,Tree,Medium,Intermediate,Leetcode
Find All Duplicates in an Array,https://leetcode.com/problems/find-all-duplicates-in-an-array,Array,Medium,Intermediate,Leetcode
String Compression,https://leetcode.com/problems/string-compression,String,Medium,Intermediate,Leetcode
Add Two Numbers II,https://leetcode.com/problems/add-two-numbers-ii,Linked List,Medium,Intermediate,Leetcode
Arithmetic Slices II - Subsequence,https://leetcode.com/problems/arithmetic-slices-ii-subsequence,Dynamic Programming,Hard,Advanced,Leetcode
Find All Numbers Disappeared in an Array,https://leetcode.com/problems/find-all-numbers-disappeared-in-an-array,Array,Easy,Basic,Leetcode
Serialize and Deserialize BST,https://leetcode.com/problems/serialize-and-deserialize-bst,Tree,Medium,Intermediate,Leetcode
Delete Node in a BST,https://leetcode.com/problems/delete-node-in-a-bst,Tree,Medium,Intermediate,Leetcode
132 Pattern,https://leetcode.com/problems/132-pattern,Stack,Medium,Intermediate,Leetcode
Repeated Substring Pattern,https://leetcode.com/problems/repeated-substring-pattern,String,Easy,Basic,Leetcode
Hamming Distance,https://leetcode.com/problems/hamming-distance,Bit Manipulation,Easy,Basic,Leetcode
Count The Repetitions,https://leetcode.com/problems/count-the-repetitions,Dynamic Programming,Hard,Advanced,Leetcode
Unique Substrings in Wraparound String,https://leetcode.com/problems/unique-substrings-in-wraparound-string,Dynamic Programming,Medium,Intermediate,Leetcode
Validate IP Address,https://leetcode.com/problems/validate-ip-address,String,Medium,Intermediate,Leetcode
Ones and Zeroes,https://leetcode.com/problems/ones-and-zeroes,Dynamic Programming,Medium,Intermediate,Leetcode
Number Complement,https://leetcode.com/problems/number-complement,Bit Manipulation,Easy,Basic,Leetcode
Total Hamming Distance,https://leetcode.com/problems/total-hamming-distance,Bit Manipulation,Medium,Intermediate,Leetcode
Max Consecutive Ones,https://leetcode.com/problems/max-consecutive-ones,Array,Easy,Basic,Leetcode
Predict the Winner,https://leetcode.com/problems/predict-the-winner,Dynamic Programming,Medium,Intermediate,Leetcode
Target Sum,https://leetcode.com/problems/target-sum,Dynamic Programming,Medium,Intermediate,Leetcode
Teemo Attacking,https://leetcode.com/problems/teemo-attacking,Array,Medium,Intermediate,Leetcode
Next Greater Element I,https://leetcode.com/problems/next-greater-element-i,Stack,Easy,Basic,Leetcode
Next Greater Element II,https://leetcode.com/problems/next-greater-element-ii,Stack,Medium,Intermediate,Leetcode
Fibonacci Number,https://leetcode.com/problems/fibonacci-number,Array,Easy,Basic,Leetcode
Find Bottom Left Tree Value,https://leetcode.com/problems/find-bottom-left-tree-value,Tree,Medium,Intermediate,Leetcode
Longest Palindromic Subsequence,https://leetcode.com/problems/longest-palindromic-subsequence,Dynamic Programming,Medium,Intermediate,Leetcode
Super Washing Machines,https://leetcode.com/problems/super-washing-machines,Dynamic Programming,Hard,Advanced,Leetcode
Detect Capital,https://leetcode.com/problems/detect-capital,String,Easy,Basic,Leetcode
Longest Uncommon Subsequence II,https://leetcode.com/problems/longest-uncommon-subsequence-ii,String,Medium,Intermediate,Leetcode
Continuous Subarray Sum,https://leetcode.com/problems/continuous-subarray-sum,Dynamic Programming,Medium,Intermediate,Leetcode
Minimum Absolute Difference in BST,https://leetcode.com/problems/minimum-absolute-difference-in-bst,Tree,Easy,Basic,Leetcode
Minimum Time Difference,https://leetcode.com/problems/minimum-time-difference,String,Medium,Intermediate,Leetcode
Reverse String II,https://leetcode.com/problems/reverse-string-ii,String,Easy,Basic,Leetcode
Diameter of Binary Tree,https://leetcode.com/problems/diameter-of-binary-tree,Tree,Easy,Basic,Leetcode
Remove Boxes,https://leetcode.com/problems/remove-boxes,Dynamic Programming,Hard,Advanced,Leetcode
Student Attendance Record I,https://leetcode.com/problems/student-attendance-record-i,String,Easy,Basic,Leetcode
Student Attendance Record II,https://leetcode.com/problems/student-attendance-record-ii,Dynamic Programming,Hard,Advanced,Leetcode
Next Greater Element III,https://leetcode.com/problems/next-greater-element-iii,String,Medium,Intermediate,Leetcode
Reverse Words in a String III,https://leetcode.com/problems/reverse-words-in-a-string-iii,String,Easy,Basic,Leetcode
Maximum Depth of N-ary Tree,https://leetcode.com/problems/maximum-depth-of-n-ary-tree,Tree,Easy,Basic,Leetcode
Subarray Sum Equals K,https://leetcode.com/problems/subarray-sum-equals-k,Array,Medium,Intermediate,Leetcode
Array Partition I,https://leetcode.com/problems/array-partition-i,Array,Easy,Basic,Leetcode
Find the Closest Palindrome,https://leetcode.com/problems/find-the-closest-palindrome,String,Hard,Advanced,Leetcode
Array Nesting,https://leetcode.com/problems/array-nesting,Array,Medium,Intermediate,Leetcode
Reshape the Matrix,https://leetcode.com/problems/reshape-the-matrix,Array,Easy,Basic,Leetcode
Subtree of Another Tree,https://leetcode.com/problems/subtree-of-another-tree,Tree,Easy,Basic,Leetcode
Shortest Unsorted Continuous Subarray,https://leetcode.com/problems/shortest-unsorted-continuous-subarray,Array,Medium,Intermediate,Leetcode
Delete Operation for Two Strings,https://leetcode.com/problems/delete-operation-for-two-strings,String,Medium,Intermediate,Leetcode
N-ary Tree Postorder Traversal,https://leetcode.com/problems/n-ary-tree-postorder-traversal,Tree,Easy,Basic,Leetcode
Tag Validator,https://leetcode.com/problems/tag-validator,"String,Stack",Hard,Advanced,Leetcode
Construct String from Binary Tree,https://leetcode.com/problems/construct-string-from-binary-tree,"String,Tree",Easy,Basic,Leetcode
Valid Triangle Number,https://leetcode.com/problems/valid-triangle-number,Array,Medium,Intermediate,Leetcode
Add One Row to Tree,https://leetcode.com/problems/add-one-row-to-tree,Tree,Medium,Intermediate,Leetcode
K Inverse Pairs Array,https://leetcode.com/problems/k-inverse-pairs-array,Dynamic Programming,Hard,Advanced,Leetcode
Exclusive Time of Functions,https://leetcode.com/problems/exclusive-time-of-functions,Stack,Medium,Intermediate,Leetcode
Average of Levels in Binary Tree,https://leetcode.com/problems/average-of-levels-in-binary-tree,Tree,Easy,Basic,Leetcode
Shopping Offers,https://leetcode.com/problems/shopping-offers,Dynamic Programming,Medium,Intermediate,Leetcode
Decode Ways II,https://leetcode.com/problems/decode-ways-ii,Dynamic Programming,Hard,Advanced,Leetcode
Maximum Average Subarray I,https://leetcode.com/problems/maximum-average-subarray-i,Array,Easy,Basic,Leetcode
Maximum Length of Pair Chain,https://leetcode.com/problems/maximum-length-of-pair-chain,Dynamic Programming,Medium,Intermediate,Leetcode
Palindromic Substrings,https://leetcode.com/problems/palindromic-substrings,"String,Dynamic Programming",Medium,Intermediate,Leetcode
2 Keys Keyboard,https://leetcode.com/problems/2-keys-keyboard,Dynamic Programming,Medium,Intermediate,Leetcode
Find Duplicate Subtrees,https://leetcode.com/problems/find-duplicate-subtrees,Tree,Medium,Intermediate,Leetcode
Two Sum IV - Input is a BST,https://leetcode.com/problems/two-sum-iv-input-is-a-bst,Tree,Easy,Basic,Leetcode
Maximum Binary Tree,https://leetcode.com/problems/maximum-binary-tree,Tree,Medium,Intermediate,Leetcode
Print Binary Tree,https://leetcode.com/problems/print-binary-tree,Tree,Medium,Intermediate,Leetcode
Robot Return to Origin,https://leetcode.com/problems/robot-return-to-origin,String,Easy,Basic,Leetcode
Image Smoother,https://leetcode.com/problems/image-smoother,Array,Easy,Basic,Leetcode
Maximum Width of Binary Tree,https://leetcode.com/problems/maximum-width-of-binary-tree,Tree,Medium,Intermediate,Leetcode
Strange Printer,https://leetcode.com/problems/strange-printer,Dynamic Programming,Hard,Advanced,Leetcode
Non-decreasing Array,https://leetcode.com/problems/non-decreasing-array,Array,Medium,Intermediate,Leetcode
Beautiful Arrangement II,https://leetcode.com/problems/beautiful-arrangement-ii,Array,Medium,Intermediate,Leetcode
Second Minimum Node In a Binary Tree,https://leetcode.com/problems/second-minimum-node-in-a-binary-tree,Tree,Easy,Basic,Leetcode
Number of Longest Increasing Subsequence,https://leetcode.com/problems/number-of-longest-increasing-subsequence,Dynamic Programming,Medium,Intermediate,Leetcode
Longest Continuous Increasing Subsequence,https://leetcode.com/problems/longest-continuous-increasing-subsequence,Array,Easy,Basic,Leetcode
Valid Parenthesis String,https://leetcode.com/problems/valid-parenthesis-string,String,Medium,Intermediate,Leetcode
Valid Palindrome II,https://leetcode.com/problems/valid-palindrome-ii,String,Easy,Basic,Leetcode
Baseball Game,https://leetcode.com/problems/baseball-game,Stack,Easy,Basic,Leetcode
Repeated String Match,https://leetcode.com/problems/repeated-string-match,String,Medium,Intermediate,Leetcode
Knight Probability in Chessboard,https://leetcode.com/problems/knight-probability-in-chessboard,Dynamic Programming,Medium,Intermediate,Leetcode
Maximum Sum of 3 Non-Overlapping Subarrays,https://leetcode.com/problems/maximum-sum-of-3-non-overlapping-subarrays,"Array,Dynamic Programming",Hard,Advanced,Leetcode
Binary Number with Alternating Bits,https://leetcode.com/problems/binary-number-with-alternating-bits,Bit Manipulation,Easy,Basic,Leetcode
Max Area of Island,https://leetcode.com/problems/max-area-of-island,Array,Medium,Intermediate,Leetcode
Count Binary Substrings,https://leetcode.com/problems/count-binary-substrings,String,Easy,Basic,Leetcode
Degree of an Array,https://leetcode.com/problems/degree-of-an-array,Array,Easy,Basic,Leetcode
To Lower Case,https://leetcode.com/problems/to-lower-case,String,Easy,Basic,Leetcode
Minimum ASCII Delete Sum for Two Strings,https://leetcode.com/problems/minimum-ascii-delete-sum-for-two-strings,Dynamic Programming,Medium,Intermediate,Leetcode
Best Time to Buy and Sell Stock with Transaction Fee,https://leetcode.com/problems/best-time-to-buy-and-sell-stock-with-transaction-fee,"Array,Dynamic Programming",Medium,Intermediate,Leetcode
1-bit and 2-bit Characters,https://leetcode.com/problems/1-bit-and-2-bit-characters,Array,Easy,Basic,Leetcode
Remove Comments,https://leetcode.com/problems/remove-comments,String,Medium,Intermediate,Leetcode
Find Pivot Index,https://leetcode.com/problems/find-pivot-index,Array,Easy,Basic,Leetcode
Split Linked List in Parts,https://leetcode.com/problems/split-linked-list-in-parts,Linked List,Medium,Intermediate,Leetcode
My Calendar I,https://leetcode.com/problems/my-calendar-i,Array,Medium,Intermediate,Leetcode
Count Different Palindromic Subsequences,https://leetcode.com/problems/count-different-palindromic-subsequences,"String,Dynamic Programming",Hard,Advanced,Leetcode
Asteroid Collision,https://leetcode.com/problems/asteroid-collision,Stack,Medium,Intermediate,Leetcode
Parse Lisp Expression,https://leetcode.com/problems/parse-lisp-expression,String,Hard,Advanced,Leetcode
Delete and Earn,https://leetcode.com/problems/delete-and-earn,Dynamic Programming,Medium,Intermediate,Leetcode
Cherry Pickup,https://leetcode.com/problems/cherry-pickup,Dynamic Programming,Hard,Advanced,Leetcode
Min Cost Climbing Stairs,https://leetcode.com/problems/min-cost-climbing-stairs,"Array,Dynamic Programming",Easy,Basic,Leetcode
Largest Number At Least Twice of Others,https://leetcode.com/problems/largest-number-at-least-twice-of-others,Array,Easy,Basic,Leetcode
Pyramid Transition Matrix,https://leetcode.com/problems/pyramid-transition-matrix,Bit Manipulation,Medium,Intermediate,Leetcode
Prime Number of Set Bits in Binary Representation,https://leetcode.com/problems/prime-number-of-set-bits-in-binary-representation,Bit Manipulation,Easy,Basic,Leetcode
Largest Plus Sign,https://leetcode.com/problems/largest-plus-sign,Dynamic Programming,Medium,Intermediate,Leetcode
Toeplitz Matrix,https://leetcode.com/problems/toeplitz-matrix,Array,Easy,Basic,Leetcode
Max Chunks To Make Sorted II,https://leetcode.com/problems/max-chunks-to-make-sorted-ii,Array,Hard,Advanced,Leetcode
Max Chunks To Make Sorted,https://leetcode.com/problems/max-chunks-to-make-sorted,Array,Medium,Intermediate,Leetcode
Rotated Digits,https://leetcode.com/problems/rotated-digits,String,Easy,Basic,Leetcode
Domino and Tromino Tiling,https://leetcode.com/problems/domino-and-tromino-tiling,Dynamic Programming,Medium,Intermediate,Leetcode
Custom Sort String,https://leetcode.com/problems/custom-sort-string,String,Medium,Intermediate,Leetcode
Number of Matching Subsequences,https://leetcode.com/problems/number-of-matching-subsequences,Array,Medium,Intermediate,Leetcode
Number of Subarrays with Bounded Maximum,https://leetcode.com/problems/number-of-subarrays-with-bounded-maximum,Array,Medium,Intermediate,Leetcode
Champagne Tower,https://leetcode.com/problems/champagne-tower,Dynamic Programming,Medium,Intermediate,Leetcode
Minimum Swaps To Make Sequences Increasing,https://leetcode.com/problems/minimum-swaps-to-make-sequences-increasing,Dynamic Programming,Medium,Intermediate,Leetcode
Soup Servings,https://leetcode.com/problems/soup-servings,Dynamic Programming,Medium,Intermediate,Leetcode
Expressive Words,https://leetcode.com/problems/expressive-words,String,Medium,Intermediate,Leetcode
Largest Sum of Averages,https://leetcode.com/problems/largest-sum-of-averages,Dynamic Programming,Medium,Intermediate,Leetcode
Binary Tree Pruning,https://leetcode.com/problems/binary-tree-pruning,Tree,Medium,Intermediate,Leetcode
Ambiguous Coordinates,https://leetcode.com/problems/ambiguous-coordinates,String,Medium,Intermediate,Leetcode
Linked List Components,https://leetcode.com/problems/linked-list-components,Linked List,Medium,Intermediate,Leetcode
Most Common Word,https://leetcode.com/problems/most-common-word,String,Easy,Basic,Leetcode
Goat Latin,https://leetcode.com/problems/goat-latin,String,Easy,Basic,Leetcode
Friends Of Appropriate Ages,https://leetcode.com/problems/friends-of-appropriate-ages,Array,Medium,Intermediate,Leetcode
Positions of Large Groups,https://leetcode.com/problems/positions-of-large-groups,Array,Easy,Basic,Leetcode
Masking Personal Information,https://leetcode.com/problems/masking-personal-information,String,Medium,Intermediate,Leetcode
Flipping an Image,https://leetcode.com/problems/flipping-an-image,Array,Easy,Basic,Leetcode
Find And Replace in String,https://leetcode.com/problems/find-and-replace-in-string,String,Medium,Intermediate,Leetcode
Sum of Distances in Tree,https://leetcode.com/problems/sum-of-distances-in-tree,Tree,Hard,Advanced,Leetcode
Image Overlap,https://leetcode.com/problems/image-overlap,Array,Medium,Intermediate,Leetcode
New 21 Game,https://leetcode.com/problems/new-21-game,Dynamic Programming,Medium,Intermediate,Leetcode
Magic Squares In Grid,https://leetcode.com/problems/magic-squares-in-grid,Array,Medium,Intermediate,Leetcode
Maximize Distance to Closest Person,https://leetcode.com/problems/maximize-distance-to-closest-person,Array,Medium,Intermediate,Leetcode
Score of Parentheses,https://leetcode.com/problems/score-of-parentheses,"String,Stack",Medium,Intermediate,Leetcode
Buddy Strings,https://leetcode.com/problems/buddy-strings,String,Easy,Basic,Leetcode
All Nodes Distance K in Binary Tree,https://leetcode.com/problems/all-nodes-distance-k-in-binary-tree,Tree,Medium,Intermediate,Leetcode
Length of Longest Fibonacci Subsequence,https://leetcode.com/problems/length-of-longest-fibonacci-subsequence,"Array,Dynamic Programming",Medium,Intermediate,Leetcode
Middle of the Linked List,https://leetcode.com/problems/middle-of-the-linked-list,Linked List,Easy,Basic,Leetcode
Profitable Schemes,https://leetcode.com/problems/profitable-schemes,Dynamic Programming,Hard,Advanced,Leetcode
Decoded String at Index,https://leetcode.com/problems/decoded-string-at-index,Stack,Medium,Intermediate,Leetcode
Fair Candy Swap,https://leetcode.com/problems/fair-candy-swap,Array,Easy,Basic,Leetcode
Construct Binary Tree from Preorder and Postorder Traversal,https://leetcode.com/problems/construct-binary-tree-from-preorder-and-postorder-traversal,Tree,Medium,Intermediate,Leetcode
Find and Replace Pattern,https://leetcode.com/problems/find-and-replace-pattern,String,Medium,Intermediate,Leetcode
Groups of Special-Equivalent Strings,https://leetcode.com/problems/groups-of-special-equivalent-strings,String,Easy,Basic,Leetcode
All Possible Full Binary Trees,https://leetcode.com/problems/all-possible-full-binary-trees,Tree,Medium,Intermediate,Leetcode
Monotonic Array,https://leetcode.com/problems/monotonic-array,Array,Easy,Basic,Leetcode
Bitwise ORs of Subarrays,https://leetcode.com/problems/bitwise-ors-of-subarrays,"Dynamic Programming,Bit Manipulation",Medium,Intermediate,Leetcode
RLE Iterator,https://leetcode.com/problems/rle-iterator,Array,Medium,Intermediate,Leetcode
Online Stock Span,https://leetcode.com/problems/online-stock-span,Stack,Medium,Intermediate,Leetcode
Sort Array By Parity,https://leetcode.com/problems/sort-array-by-parity,Array,Easy,Basic,Leetcode
Sum of Subarray Minimums,https://leetcode.com/problems/sum-of-subarray-minimums,"Array,Stack",Medium,Intermediate,Leetcode
Partition Array into Disjoint Intervals,https://leetcode.com/problems/partition-array-into-disjoint-intervals,Array,Medium,Intermediate,Leetcode
Word Subsets,https://leetcode.com/problems/word-subsets,String,Medium,Intermediate,Leetcode
Reverse Only Letters,https://leetcode.com/problems/reverse-only-letters,String,Easy,Basic,Leetcode
Maximum Sum Circular Subarray,https://leetcode.com/problems/maximum-sum-circular-subarray,Array,Medium,Intermediate,Leetcode
Complete Binary Tree Inserter,https://leetcode.com/problems/complete-binary-tree-inserter,Tree,Medium,Intermediate,Leetcode
Number of Music Playlists,https://leetcode.com/problems/number-of-music-playlists,Dynamic Programming,Hard,Advanced,Leetcode
Minimum Add to Make Parentheses Valid,https://leetcode.com/problems/minimum-add-to-make-parentheses-valid,Stack,Medium,Intermediate,Leetcode
Flip String to Monotone Increasing,https://leetcode.com/problems/flip-string-to-monotone-increasing,Array,Medium,Intermediate,Leetcode
Unique Email Addresses,https://leetcode.com/problems/unique-email-addresses,String,Easy,Basic,Leetcode
Minimum Falling Path Sum,https://leetcode.com/problems/minimum-falling-path-sum,Dynamic Programming,Medium,Intermediate,Leetcode
Number of Recent Calls,https://leetcode.com/problems/number-of-recent-calls,Queue,Easy,Basic,Leetcode
Knight Dialer,https://leetcode.com/problems/knight-dialer,Dynamic Programming,Medium,Intermediate,Leetcode
Reorder Data in Log Files,https://leetcode.com/problems/reorder-data-in-log-files,String,Easy,Basic,Leetcode
Find the Shortest Superstring,https://leetcode.com/problems/find-the-shortest-superstring,Dynamic Programming,Hard,Advanced,Leetcode
Minimum Increment to Make Array Unique,https://leetcode.com/problems/minimum-increment-to-make-array-unique,Array,Medium,Intermediate,Leetcode
Validate Stack Sequences,https://leetcode.com/problems/validate-stack-sequences,Stack,Medium,Intermediate,Leetcode
Reveal Cards In Increasing Order,https://leetcode.com/problems/reveal-cards-in-increasing-order,Array,Medium,Intermediate,Leetcode
Flip Equivalent Binary Trees,https://leetcode.com/problems/flip-equivalent-binary-trees,Tree,Medium,Intermediate,Leetcode
Check Completeness of a Binary Tree,https://leetcode.com/problems/check-completeness-of-a-binary-tree,Tree,Medium,Intermediate,Leetcode
Delete Columns to Make Sorted III,https://leetcode.com/problems/delete-columns-to-make-sorted-iii,Dynamic Programming,Hard,Advanced,Leetcode
Maximum Width Ramp,https://leetcode.com/problems/maximum-width-ramp,Array,Medium,Intermediate,Leetcode
Univalued Binary Tree,https://leetcode.com/problems/univalued-binary-tree,Tree,Easy,Basic,Leetcode
Maximum Binary Tree II,https://leetcode.com/problems/maximum-binary-tree-ii,Tree,Medium,Intermediate,Leetcode
Available Captures for Rook,https://leetcode.com/problems/available-captures-for-rook,Array,Easy,Basic,Leetcode
Minimum Cost to Merge Stones,https://leetcode.com/problems/minimum-cost-to-merge-stones,Dynamic Programming,Hard,Advanced,Leetcode
Check If Word Is Valid After Substitutions,https://leetcode.com/problems/check-if-word-is-valid-after-substitutions,"String,Stack",Medium,Intermediate,Leetcode
Pairs of Songs With Total Durations Divisible by 60,https://leetcode.com/problems/pairs-of-songs-with-total-durations-divisible-by-60,Array,Medium,Intermediate,Leetcode
Partition Array Into Three Parts With Equal Sum,https://leetcode.com/problems/partition-array-into-three-parts-with-equal-sum,Array,Easy,Basic,Leetcode
Best Sightseeing Pair,https://leetcode.com/problems/best-sightseeing-pair,Array,Medium,Intermediate,Leetcode
Binary String With Substrings Representing 1 To N,https://leetcode.com/problems/binary-string-with-substrings-representing-1-to-n,String,Medium,Intermediate,Leetcode
Next Greater Node In Linked List,https://leetcode.com/problems/next-greater-node-in-linked-list,"Linked List,Stack",Medium,Intermediate,Leetcode
Remove Outermost Parentheses,https://leetcode.com/problems/remove-outermost-parentheses,Stack,Easy,Basic,Leetcode
Sum of Root To Leaf Binary Numbers,https://leetcode.com/problems/sum-of-root-to-leaf-binary-numbers,Tree,Easy,Basic,Leetcode
Video Stitching,https://leetcode.com/problems/video-stitching,Dynamic Programming,Medium,Intermediate,Leetcode
Maximum Difference Between Node and Ancestor,https://leetcode.com/problems/maximum-difference-between-node-and-ancestor,Tree,Medium,Intermediate,Leetcode
Longest Arithmetic Subsequence,https://leetcode.com/problems/longest-arithmetic-subsequence,Dynamic Programming,Medium,Intermediate,Leetcode
Recover a Tree From Preorder Traversal,https://leetcode.com/problems/recover-a-tree-from-preorder-traversal,Tree,Hard,Advanced,Leetcode
Brace Expansion II,https://leetcode.com/problems/brace-expansion-ii,String,Hard,Advanced,Leetcode
Filling Bookcase Shelves,https://leetcode.com/problems/filling-bookcase-shelves,Dynamic Programming,Medium,Intermediate,Leetcode
Parsing A Boolean Expression,https://leetcode.com/problems/parsing-a-boolean-expression,String,Hard,Advanced,Leetcode
Defanging an IP Address,https://leetcode.com/problems/defanging-an-ip-address,String,Easy,Basic,Leetcode
Longest Well-Performing Interval,https://leetcode.com/problems/longest-well-performing-interval,Stack,Medium,Intermediate,Leetcode
Smallest Sufficient Team,https://leetcode.com/problems/smallest-sufficient-team,"Dynamic Programming,Bit Manipulation",Hard,Advanced,Leetcode
Minimum Cost Tree From Leaf Values,https://leetcode.com/problems/minimum-cost-tree-from-leaf-values,"Dynamic Programming,Stack,Tree",Medium,Intermediate,Leetcode
Largest 1-Bordered Square,https://leetcode.com/problems/largest-1-bordered-square,Dynamic Programming,Medium,Intermediate,Leetcode
Stone Game II,https://leetcode.com/problems/stone-game-ii,Dynamic Programming,Medium,Intermediate,Leetcode
Longest Common Subsequence,https://leetcode.com/problems/longest-common-subsequence,Dynamic Programming,Medium,Intermediate,Leetcode
Decrease Elements To Make Array Zigzag,https://leetcode.com/problems/decrease-elements-to-make-array-zigzag,Array,Medium,Intermediate,Leetcode
Number of Dice Rolls With Target Sum,https://leetcode.com/problems/number-of-dice-rolls-with-target-sum,Dynamic Programming,Medium,Intermediate,Leetcode
Swap For Longest Repeated Character Substring,https://leetcode.com/problems/swap-for-longest-repeated-character-substring,String,Medium,Intermediate,Leetcode
Invalid Transactions,https://leetcode.com/problems/invalid-transactions,"Array,String",Medium,Intermediate,Leetcode
Remove Zero Sum Consecutive Nodes from Linked List,https://leetcode.com/problems/remove-zero-sum-consecutive-nodes-from-linked-list,Linked List,Medium,Intermediate,Leetcode
Distance Between Bus Stops,https://leetcode.com/problems/distance-between-bus-stops,Array,Easy,Basic,Leetcode
Day of the Week,https://leetcode.com/problems/day-of-the-week,Array,Easy,Basic,Leetcode
Maximum Subarray Sum with One Deletion,https://leetcode.com/problems/maximum-subarray-sum-with-one-deletion,Dynamic Programming,Medium,Intermediate,Leetcode
Reverse Substrings Between Each Pair of Parentheses,https://leetcode.com/problems/reverse-substrings-between-each-pair-of-parentheses,Stack,Medium,Intermediate,Leetcode
K-Concatenation Maximum Sum,https://leetcode.com/problems/k-concatenation-maximum-sum,Dynamic Programming,Medium,Intermediate,Leetcode
Minimum Absolute Difference,https://leetcode.com/problems/minimum-absolute-difference,Array,Easy,Basic,Leetcode
Dice Roll Simulation,https://leetcode.com/problems/dice-roll-simulation,Dynamic Programming,Hard,Advanced,Leetcode
Minimum Remove to Make Valid Parentheses,https://leetcode.com/problems/minimum-remove-to-make-valid-parentheses,"String,Stack",Medium,Intermediate,Leetcode
Maximum Score Words Formed by Letters,https://leetcode.com/problems/maximum-score-words-formed-by-letters,Bit Manipulation,Hard,Advanced,Leetcode
Shift 2D Grid,https://leetcode.com/problems/shift-2d-grid,Array,Easy,Basic,Leetcode
Greatest Sum Divisible by Three,https://leetcode.com/problems/greatest-sum-divisible-by-three,Dynamic Programming,Medium,Intermediate,Leetcode
Search Suggestions System,https://leetcode.com/problems/search-suggestions-system,String,Medium,Intermediate,Leetcode
Number of Ways to Stay in the Same Place After Some Steps,https://leetcode.com/problems/number-of-ways-to-stay-in-the-same-place-after-some-steps,Dynamic Programming,Hard,Advanced,Leetcode
Find Winner on a Tic Tac Toe Game,https://leetcode.com/problems/find-winner-on-a-tic-tac-toe-game,Array,Easy,Basic,Leetcode
Count Square Submatrices with All Ones,https://leetcode.com/problems/count-square-submatrices-with-all-ones,"Array,Dynamic Programming",Medium,Intermediate,Leetcode
Palindrome Partitioning III,https://leetcode.com/problems/palindrome-partitioning-iii,Dynamic Programming,Hard,Advanced,Leetcode
Element Appearing More Than 25% In Sorted Array,https://leetcode.com/problems/element-appearing-more-than-25-in-sorted-array,Array,Easy,Basic,Leetcode
Minimum Falling Path Sum II,https://leetcode.com/problems/minimum-falling-path-sum-ii,Dynamic Programming,Hard,Advanced,Leetcode
Convert Binary Number in a Linked List to Integer,https://leetcode.com/problems/convert-binary-number-in-a-linked-list-to-integer,"Linked List,Bit Manipulation",Easy,Basic,Leetcode
Find Numbers with Even Number of Digits,https://leetcode.com/problems/find-numbers-with-even-number-of-digits,Array,Easy,Basic,Leetcode
Maximum Number of Occurrences of a Substring,https://leetcode.com/problems/maximum-number-of-occurrences-of-a-substring,"String,Bit Manipulation",Medium,Intermediate,Leetcode
Replace Elements with Greatest Element on Right Side,https://leetcode.com/problems/replace-elements-with-greatest-element-on-right-side,Array,Easy,Basic,Leetcode
Number of Paths with Max Score,https://leetcode.com/problems/number-of-paths-with-max-score,Dynamic Programming,Hard,Advanced,Leetcode
Deepest Leaves Sum,https://leetcode.com/problems/deepest-leaves-sum,Tree,Medium,Intermediate,Leetcode
Find N Unique Integers Sum up to Zero,https://leetcode.com/problems/find-n-unique-integers-sum-up-to-zero,Array,Easy,Basic,Leetcode
Decrypt String from Alphabet to Integer Mapping,https://leetcode.com/problems/decrypt-string-from-alphabet-to-integer-mapping,String,Easy,Basic,Leetcode
XOR Queries of a Subarray,https://leetcode.com/problems/xor-queries-of-a-subarray,Bit Manipulation,Medium,Intermediate,Leetcode
Minimum Insertion Steps to Make a String Palindrome,https://leetcode.com/problems/minimum-insertion-steps-to-make-a-string-palindrome,Dynamic Programming,Hard,Advanced,Leetcode
Decompress Run-Length Encoded List,https://leetcode.com/problems/decompress-run-length-encoded-list,Array,Easy,Basic,Leetcode
Matrix Block Sum,https://leetcode.com/problems/matrix-block-sum,Dynamic Programming,Medium,Intermediate,Leetcode
Minimum Flips to Make a OR b Equal to c,https://leetcode.com/problems/minimum-flips-to-make-a-or-b-equal-to-c,Bit Manipulation,Medium,Intermediate,Leetcode
Minimum Distance to Type a Word Using Two Fingers,https://leetcode.com/problems/minimum-distance-to-type-a-word-using-two-fingers,Dynamic Programming,Hard,Advanced,Leetcode
Print Words Vertically,https://leetcode.com/problems/print-words-vertically,String,Medium,Intermediate,Leetcode
Delete Leaves With a Given Value,https://leetcode.com/problems/delete-leaves-with-a-given-value,Tree,Medium,Intermediate,Leetcode
Break a Palindrome,https://leetcode.com/problems/break-a-palindrome,String,Medium,Intermediate,Leetcode
Rank Transform of an Array,https://leetcode.com/problems/rank-transform-of-an-array,Array,Easy,Basic,Leetcode
Remove Palindromic Subsequences,https://leetcode.com/problems/remove-palindromic-subsequences,String,Easy,Basic,Leetcode
Minimum Difficulty of a Job Schedule,https://leetcode.com/problems/minimum-difficulty-of-a-job-schedule,Dynamic Programming,Hard,Advanced,Leetcode
Jump Game V,https://leetcode.com/problems/jump-game-v,Dynamic Programming,Hard,Advanced,Leetcode
Number of Steps to Reduce a Number to Zero,https://leetcode.com/problems/number-of-steps-to-reduce-a-number-to-zero,Bit Manipulation,Easy,Basic,Leetcode
Number of Sub-arrays of Size K and Average Greater than or Equal to Threshold,https://leetcode.com/problems/number-of-sub-arrays-of-size-k-and-average-greater-than-or-equal-to-threshold,Array,Medium,Intermediate,Leetcode
Check If N and Its Double Exist,https://leetcode.com/problems/check-if-n-and-its-double-exist,Array,Easy,Basic,Leetcode
Minimum Number of Steps to Make Two Strings Anagram,https://leetcode.com/problems/minimum-number-of-steps-to-make-two-strings-anagram,String,Medium,Intermediate,Leetcode
Maximum Students Taking Exam,https://leetcode.com/problems/maximum-students-taking-exam,Dynamic Programming,Hard,Advanced,Leetcode
Number of Substrings Containing All Three Characters,https://leetcode.com/problems/number-of-substrings-containing-all-three-characters,String,Medium,Intermediate,Leetcode
Linked List in Binary Tree,https://leetcode.com/problems/linked-list-in-binary-tree,"Linked List,Dynamic Programming,Tree",Medium,Intermediate,Leetcode
Find the Longest Substring Containing Vowels in Even Counts,https://leetcode.com/problems/find-the-longest-substring-containing-vowels-in-even-counts,String,Medium,Intermediate,Leetcode
Longest ZigZag Path in a Binary Tree,https://leetcode.com/problems/longest-zigzag-path-in-a-binary-tree,"Dynamic Programming,Tree",Medium,Intermediate,Leetcode
Generate a String With Characters That Have Odd Counts,https://leetcode.com/problems/generate-a-string-with-characters-that-have-odd-counts,String,Easy,Basic,Leetcode
Bulb Switcher III,https://leetcode.com/problems/bulb-switcher-iii,Array,Medium,Intermediate,Leetcode
Lucky Numbers in a Matrix,https://leetcode.com/problems/lucky-numbers-in-a-matrix,Array,Easy,Basic,Leetcode
Pizza With 3n Slices,https://leetcode.com/problems/pizza-with-3n-slices,Dynamic Programming,Hard,Advanced,Leetcode
Create Target Array in the Given Order,https://leetcode.com/problems/create-target-array-in-the-given-order,Array,Easy,Basic,Leetcode
Longest Happy Prefix,https://leetcode.com/problems/longest-happy-prefix,String,Hard,Advanced,Leetcode
Find Lucky Integer in an Array,https://leetcode.com/problems/find-lucky-integer-in-an-array,Array,Easy,Basic,Leetcode
Count Number of Teams,https://leetcode.com/problems/count-number-of-teams,Array,Medium,Intermediate,Leetcode
Find All Good Strings,https://leetcode.com/problems/find-all-good-strings,Dynamic Programming,Hard,Advanced,Leetcode
Count Largest Group,https://leetcode.com/problems/count-largest-group,Array,Easy,Basic,Leetcode
Number of Steps to Reduce a Number in Binary Representation to One,https://leetcode.com/problems/number-of-steps-to-reduce-a-number-in-binary-representation-to-one,"String,Bit Manipulation",Medium,Intermediate,Leetcode
Stone Game III,https://leetcode.com/problems/stone-game-iii,Dynamic Programming,Hard,Advanced,Leetcode
String Matching in an Array,https://leetcode.com/problems/string-matching-in-an-array,String,Easy,Basic,Leetcode
Queries on a Permutation With Key,https://leetcode.com/problems/queries-on-a-permutation-with-key,Array,Medium,Intermediate,Leetcode
HTML Entity Parser,https://leetcode.com/problems/html-entity-parser,"String,Stack",Medium,Intermediate,Leetcode
Number of Ways to Paint N  3 Grid,https://leetcode.com/problems/number-of-ways-to-paint-n-3-grid,Dynamic Programming,Hard,Advanced,Leetcode
Minimum Value to Get Positive Step by Step Sum,https://leetcode.com/problems/minimum-value-to-get-positive-step-by-step-sum,Array,Easy,Basic,Leetcode
Restore The Array,https://leetcode.com/problems/restore-the-array,Dynamic Programming,Hard,Advanced,Leetcode
Reformat The String,https://leetcode.com/problems/reformat-the-string,String,Easy,Basic,Leetcode
Minimum Number of Frogs Croaking,https://leetcode.com/problems/minimum-number-of-frogs-croaking,String,Medium,Intermediate,Leetcode
Build Array Where You Can Find The Maximum Exactly K Comparisons,https://leetcode.com/problems/build-array-where-you-can-find-the-maximum-exactly-k-comparisons,Dynamic Programming,Hard,Advanced,Leetcode
Maximum Score After Splitting a String,https://leetcode.com/problems/maximum-score-after-splitting-a-string,String,Easy,Basic,Leetcode
Constrained Subsequence Sum,https://leetcode.com/problems/constrained-subsequence-sum,Dynamic Programming,Hard,Advanced,Leetcode
Kids With the Greatest Number of Candies,https://leetcode.com/problems/kids-with-the-greatest-number-of-candies,Array,Easy,Basic,Leetcode
Max Difference You Can Get From Changing an Integer,https://leetcode.com/problems/max-difference-you-can-get-from-changing-an-integer,String,Medium,Intermediate,Leetcode
Number of Ways to Wear Different Hats to Each Other,https://leetcode.com/problems/number-of-ways-to-wear-different-hats-to-each-other,"Dynamic Programming,Bit Manipulation",Hard,Advanced,Leetcode
Destination City,https://leetcode.com/problems/destination-city,String,Easy,Basic,Leetcode
Check If All 1's Are at Least Length K Places Away,https://leetcode.com/problems/check-if-all-1s-are-at-least-length-k-places-away,Array,Easy,Basic,Leetcode
Minimum Time to Collect All Apples in a Tree,https://leetcode.com/problems/minimum-time-to-collect-all-apples-in-a-tree,Tree,Medium,Intermediate,Leetcode
Number of Ways of Cutting a Pizza,https://leetcode.com/problems/number-of-ways-of-cutting-a-pizza,Dynamic Programming,Hard,Advanced,Leetcode
Consecutive Characters,https://leetcode.com/problems/consecutive-characters,String,Easy,Basic,Leetcode
Check If a Word Occurs As a Prefix of Any Word in a Sentence,https://leetcode.com/problems/check-if-a-word-occurs-as-a-prefix-of-any-word-in-a-sentence,String,Easy,Basic,Leetcode
Max Dot Product of Two Subsequences,https://leetcode.com/problems/max-dot-product-of-two-subsequences,Dynamic Programming,Hard,Advanced,Leetcode
Make Two Arrays Equal by Reversing Sub-arrays,https://leetcode.com/problems/make-two-arrays-equal-by-reversing-sub-arrays,Array,Easy,Basic,Leetcode
Check If a String Contains All Binary Codes of Size K,https://leetcode.com/problems/check-if-a-string-contains-all-binary-codes-of-size-k,"String,Bit Manipulation",Medium,Intermediate,Leetcode
Cherry Pickup II,https://leetcode.com/problems/cherry-pickup-ii,Dynamic Programming,Hard,Advanced,Leetcode
Maximum Product of Two Elements in an Array,https://leetcode.com/problems/maximum-product-of-two-elements-in-an-array,Array,Easy,Basic,Leetcode
Maximum Area of a Piece of Cake After Horizontal and Vertical Cuts,https://leetcode.com/problems/maximum-area-of-a-piece-of-cake-after-horizontal-and-vertical-cuts,Array,Medium,Intermediate,Leetcode
Shuffle the Array,https://leetcode.com/problems/shuffle-the-array,Array,Easy,Basic,Leetcode
Paint House III,https://leetcode.com/problems/paint-house-iii,Dynamic Programming,Hard,Advanced,Leetcode
Final Prices With a Special Discount in a Shop,https://leetcode.com/problems/final-prices-with-a-special-discount-in-a-shop,Array,Easy,Basic,Leetcode
Subrectangle Queries,https://leetcode.com/problems/subrectangle-queries,Array,Medium,Intermediate,Leetcode
Find Two Non-overlapping Sub-arrays Each With Target Sum,https://leetcode.com/problems/find-two-non-overlapping-sub-arrays-each-with-target-sum,Dynamic Programming,Medium,Intermediate,Leetcode
Running Sum of 1d Array,https://leetcode.com/problems/running-sum-of-1d-array,Array,Easy,Basic,Leetcode
Kth Ancestor of a Tree Node,https://leetcode.com/problems/kth-ancestor-of-a-tree-node,Dynamic Programming,Hard,Advanced,Leetcode
XOR Operation in an Array,https://leetcode.com/problems/xor-operation-in-an-array,"Array,Bit Manipulation",Easy,Basic,Leetcode
Longest Subarray of 1's After Deleting One Element,https://leetcode.com/problems/longest-subarray-of-1s-after-deleting-one-element,Array,Medium,Intermediate,Leetcode
Path Crossing,https://leetcode.com/problems/path-crossing,String,Easy,Basic,Leetcode
Count Submatrices With All Ones,https://leetcode.com/problems/count-submatrices-with-all-ones,Dynamic Programming,Medium,Intermediate,Leetcode
Reformat Date,https://leetcode.com/problems/reformat-date,String,Easy,Basic,Leetcode
Stone Game IV,https://leetcode.com/problems/stone-game-iv,Dynamic Programming,Hard,Advanced,Leetcode
Bulb Switcher IV,https://leetcode.com/problems/bulb-switcher-iv,String,Medium,Intermediate,Leetcode
String Compression II,https://leetcode.com/problems/string-compression-ii,"String,Dynamic Programming",Hard,Advanced,Leetcode
Count Good Triplets,https://leetcode.com/problems/count-good-triplets,Array,Easy,Basic,Leetcode
Find the Winner of an Array Game,https://leetcode.com/problems/find-the-winner-of-an-array-game,Array,Medium,Intermediate,Leetcode
Get the Maximum Score,https://leetcode.com/problems/get-the-maximum-score,Dynamic Programming,Hard,Advanced,Leetcode
Minimum Insertions to Balance a Parentheses String,https://leetcode.com/problems/minimum-insertions-to-balance-a-parentheses-string,"String,Stack",Medium,Intermediate,Leetcode
Find Longest Awesome Substring,https://leetcode.com/problems/find-longest-awesome-substring,"String,Bit Manipulation",Hard,Advanced,Leetcode
Make The String Great,https://leetcode.com/problems/make-the-string-great,"String,Stack",Easy,Basic,Leetcode
Find Kth Bit in Nth Binary String,https://leetcode.com/problems/find-kth-bit-in-nth-binary-string,String,Medium,Intermediate,Leetcode
Maximum Number of Non-Overlapping Subarrays With Sum Equals Target,https://leetcode.com/problems/maximum-number-of-non-overlapping-subarrays-with-sum-equals-target,Dynamic Programming,Medium,Intermediate,Leetcode
Minimum Cost to Cut a Stick,https://leetcode.com/problems/minimum-cost-to-cut-a-stick,Dynamic Programming,Hard,Advanced,Leetcode
Three Consecutive Odds,https://leetcode.com/problems/three-consecutive-odds,Array,Easy,Basic,Leetcode
Minimum Number of Days to Eat N Oranges,https://leetcode.com/problems/minimum-number-of-days-to-eat-n-oranges,Dynamic Programming,Hard,Advanced,Leetcode
Most Visited Sector in  a Circular Track,https://leetcode.com/problems/most-visited-sector-in-a-circular-track,Array,Easy,Basic,Leetcode
Detect Pattern of Length M Repeated K or More Times,https://leetcode.com/problems/detect-pattern-of-length-m-repeated-k-or-more-times,Array,Easy,Basic,Leetcode
Number of Ways to Reorder Array to Get Same BST,https://leetcode.com/problems/number-of-ways-to-reorder-array-to-get-same-bst,Dynamic Programming,Hard,Advanced,Leetcode
Matrix Diagonal Sum,https://leetcode.com/problems/matrix-diagonal-sum,Array,Easy,Basic,Leetcode
Number of Ways to Split a String,https://leetcode.com/problems/number-of-ways-to-split-a-string,String,Medium,Intermediate,Leetcode
Count All Possible Routes,https://leetcode.com/problems/count-all-possible-routes,Dynamic Programming,Hard,Advanced,Leetcode
Replace All ?'s to Avoid Consecutive Repeating Characters,https://leetcode.com/problems/replace-all-s-to-avoid-consecutive-repeating-characters,String,Easy,Basic,Leetcode
Special Positions in a Binary Matrix,https://leetcode.com/problems/special-positions-in-a-binary-matrix,Array,Easy,Basic,Leetcode
Count Unhappy Friends,https://leetcode.com/problems/count-unhappy-friends,Array,Medium,Intermediate,Leetcode
Rearrange Spaces Between Words,https://leetcode.com/problems/rearrange-spaces-between-words,String,Easy,Basic,Leetcode
Crawler Log Folder,https://leetcode.com/problems/crawler-log-folder,Stack,Easy,Basic,Leetcode
Maximum Number of Achievable Transfer Requests,https://leetcode.com/problems/maximum-number-of-achievable-transfer-requests,Dynamic Programming,Hard,Advanced,Leetcode
Special Array With X Elements Greater Than or Equal X,https://leetcode.com/problems/special-array-with-x-elements-greater-than-or-equal-x,Array,Easy,Basic,Leetcode
Even Odd Tree,https://leetcode.com/problems/even-odd-tree,Tree,Medium,Intermediate,Leetcode
Minimum One Bit Operations to Make Integers Zero,https://leetcode.com/problems/minimum-one-bit-operations-to-make-integers-zero,"Dynamic Programming,Bit Manipulation",Hard,Advanced,Leetcode
Maximum Nesting Depth of the Parentheses,https://leetcode.com/problems/maximum-nesting-depth-of-the-parentheses,String,Easy,Basic,Leetcode
Mean of Array After Removing Some Elements,https://leetcode.com/problems/mean-of-array-after-removing-some-elements,Array,Easy,Basic,Leetcode
Number of Sets of K Non-Overlapping Line Segments,https://leetcode.com/problems/number-of-sets-of-k-non-overlapping-line-segments,Dynamic Programming,Medium,Intermediate,Leetcode
Slowest Key,https://leetcode.com/problems/slowest-key,Array,Easy,Basic,Leetcode
Number of Ways to Form a Target String Given a Dictionary,https://leetcode.com/problems/number-of-ways-to-form-a-target-string-given-a-dictionary,Dynamic Programming,Hard,Advanced,Leetcode
Minimum Number of Removals to Make Mountain Array,https://leetcode.com/problems/minimum-number-of-removals-to-make-mountain-array,Dynamic Programming,Hard,Advanced,Leetcode
Richest Customer Wealth,https://leetcode.com/problems/richest-customer-wealth,Array,Easy,Basic,Leetcode
Number of Students Unable to Eat Lunch,https://leetcode.com/problems/number-of-students-unable-to-eat-lunch,Array,Easy,Basic,Leetcode
Average Waiting Time,https://leetcode.com/problems/average-waiting-time,Array,Medium,Intermediate,Leetcode
Minimum Adjacent Swaps for K Consecutive Ones,https://leetcode.com/problems/minimum-adjacent-swaps-for-k-consecutive-ones,Stack,Hard,Advanced,Leetcode
Where Will the Ball Fall,https://leetcode.com/problems/where-will-the-ball-fall,Dynamic Programming,Medium,Intermediate,Leetcode
Swapping Nodes in a Linked List,https://leetcode.com/problems/swapping-nodes-in-a-linked-list,Linked List,Medium,Intermediate,Leetcode
Cat and Mouse II,https://leetcode.com/problems/cat-and-mouse-ii,Dynamic Programming,Hard,Advanced,Leetcode
Decode XORed Permutation,https://leetcode.com/problems/decode-xored-permutation,Bit Manipulation,Medium,Intermediate,Leetcode
Find Kth Largest XOR Coordinate Value,https://leetcode.com/problems/find-kth-largest-xor-coordinate-value,Array,Medium,Intermediate,Leetcode
Maximum Number of Balls in a Box,https://leetcode.com/problems/maximum-number-of-balls-in-a-box,Array,Easy,Basic,Leetcode
Check if Array Is Sorted and Rotated,https://leetcode.com/problems/check-if-array-is-sorted-and-rotated,Array,Easy,Basic,Leetcode
Maximum Score from Performing Multiplication Operations,https://leetcode.com/problems/maximum-score-from-performing-multiplication-operations,Dynamic Programming,Medium,Intermediate,Leetcode
Maximize Palindrome Length From Subsequences,https://leetcode.com/problems/maximize-palindrome-length-from-subsequences,Dynamic Programming,Hard,Advanced,Leetcode
Count Items Matching a Rule,https://leetcode.com/problems/count-items-matching-a-rule,"Array,String",Easy,Basic,Leetcode
Find Nearest Point That Has the Same X or Y Coordinate,https://leetcode.com/problems/find-nearest-point-that-has-the-same-x-or-y-coordinate,Array,Easy,Basic,Leetcode
Make the XOR of All Segments Equal to Zero,https://leetcode.com/problems/make-the-xor-of-all-segments-equal-to-zero,Dynamic Programming,Hard,Advanced,Leetcode
Check if One String Swap Can Make Strings Equal,https://leetcode.com/problems/check-if-one-string-swap-can-make-strings-equal,String,Easy,Basic,Leetcode
Second Largest Digit in a String,https://leetcode.com/problems/second-largest-digit-in-a-string,String,Easy,Basic,Leetcode
Determine Color of a Chessboard Square,https://leetcode.com/problems/determine-color-of-a-chessboard-square,String,Easy,Basic,Leetcode
Sentence Similarity III,https://leetcode.com/problems/sentence-similarity-iii,String,Medium,Intermediate,Leetcode
Maximum Number of Groups Getting Fresh Donuts,https://leetcode.com/problems/maximum-number-of-groups-getting-fresh-donuts,Dynamic Programming,Hard,Advanced,Leetcode
Truncate Sentence,https://leetcode.com/problems/truncate-sentence,String,Easy,Basic,Leetcode
Find the Winner of the Circular Game,https://leetcode.com/problems/find-the-winner-of-the-circular-game,Array,Medium,Intermediate,Leetcode
Separate The Numbers,https://www.hackerrank.com/challenges/separate-the-numbers/problem,Strings,Easy,Basic,HackerRank
CamelCase,https://www.hackerrank.com/challenges/camelcase/problem,Strings,Easy,Basic,HackerRank
Strong Password,https://www.hackerrank.com/challenges/strong-password/problem,Strings,Easy,Basic,HackerRank
Caesar Cipher,https://www.hackerrank.com/challenges/caesar-cipher-1/problem,Strings,Easy,Basic,HackerRank
Two Characters,https://www.hackerrank.com/challenges/two-characters/problem,Strings,Easy,Intermediate,HackerRank
Super Reduced String,https://www.hackerrank.com/challenges/reduced-string/problem,Strings,Easy,Intermediate,HackerRank
Weighted Uniform Strings,https://www.hackerrank.com/challenges/weighted-uniform-string/problem,Strings,Easy,Intermediate,HackerRank
Sherlock and the Valid String,https://www.hackerrank.com/challenges/sherlock-and-valid-string/problem,Strings,Medium,Basic,HackerRank
Highest Value Palindrome,https://www.hackerrank.com/challenges/richie-rich/problem,Strings,Medium,Intermediate,HackerRank
Maximum Palndromes,https://www.hackerrank.com/challenges/maximum-palindromes/problem,Strings,Medium,Intermediate,HackerRank
Sherlock and Anagrams,https://www.hackerrank.com/challenges/sherlock-and-anagrams/problem,Strings,Medium,Intermediate,HackerRank
Common Child,https://www.hackerrank.com/challenges/common-child/problem,Strings,Medium,Intermediate,HackerRank
Bear and Steady Gene,https://www.hackerrank.com/challenges/bear-and-steady-gene/problem,Strings,Medium,Advanced,HackerRank
Determining DNA Health,https://www.hackerrank.com/challenges/determining-dna-health/problem,Strings,Hard,Advanced,HackerRank
Morgan and a String,https://www.hackerrank.com/challenges/morgan-and-a-string/problem,Strings,Hard,Advanced,HackerRank
String Similarity,https://www.hackerrank.com/challenges/string-similarity/problem,Strings,Hard,Advanced,HackerRank
Mars Exploration,https://www.hackerrank.com/challenges/mars-exploration/problem,Strings,Easy,Basic,HackerRank
HackerRank in a String!,https://www.hackerrank.com/challenges/hackerrank-in-a-string/problem,Strings,Easy,Basic,HackerRank
Pangrams,https://www.hackerrank.com/challenges/pangrams/problem,Strings,Easy,Basic,HackerRank
Funny String,https://www.hackerrank.com/challenges/funny-string/problem,Strings,Easy,Basic,HackerRank
Gemstones,https://www.hackerrank.com/challenges/gem-stones/problem,Strings,Easy,Basic,HackerRank
Alternating Characters,https://www.hackerrank.com/challenges/alternating-characters/problem,Strings,Easy,Basic,HackerRank
Beautiful Binary String,https://www.hackerrank.com/challenges/beautiful-binary-string/problem,Strings,Easy,Basic,HackerRank
The Love-Letter Mystery,https://www.hackerrank.com/challenges/the-love-letter-mystery/problem,Strings,Easy,Basic,HackerRank
Anagram,https://www.hackerrank.com/challenges/anagram/problem,Strings,Easy,Basic,HackerRank
Making Anagrams,https://www.hackerrank.com/challenges/making-anagrams/problem,Strings,Easy,Basic,HackerRank
Games of Thrones - I,https://www.hackerrank.com/challenges/game-of-thrones/problem,Strings,Easy,Basic,HackerRank
Two Strings,https://www.hackerrank.com/challenges/two-strings/problem,Strings,Easy,Basic,HackerRank
String Construction,https://www.hackerrank.com/challenges/string-construction/problem,Strings,Easy,Basic,HackerRank
Palindrome Index,https://www.hackerrank.com/challenges/palindrome-index/problem,Strings,Easy,Basic,HackerRank
Big Sorting,https://www.hackerrank.com/challenges/big-sorting/problem,Sorting,Easy,Basic,HackerRank
Intro to Tutorial Challenges,https://www.hackerrank.com/challenges/tutorial-intro/problem,Sorting,Easy,Basic,HackerRank
Insertion Sort - Part 1,https://www.hackerrank.com/challenges/insertionsort1/problem,Sorting,Easy,Basic,HackerRank
Insertion Sort - Part 2,https://www.hackerrank.com/challenges/insertionsort2/problem,Sorting,Easy,Basic,HackerRank
Correctness and the Loop Invariant,https://www.hackerrank.com/challenges/correctness-invariant/problem,Sorting,Easy,Basic,HackerRank
Running Time of Algorithms,https://www.hackerrank.com/challenges/runningtime/problem,Sorting,Easy,Basic,HackerRank
Quicksort 1 - Partition,https://www.hackerrank.com/challenges/quicksort1/problem,Sorting,Easy,Basic,HackerRank
Counting Sort 1,https://www.hackerrank.com/challenges/countingsort1/problem,Sorting,Easy,Basic,HackerRank
Counting Sort 2,https://www.hackerrank.com/challenges/countingsort2/problem,Sorting,Easy,Basic,HackerRank
Closest Numbers,https://www.hackerrank.com/challenges/closest-numbers/problem,Sorting,Easy,Basic,HackerRank
Find the Median,https://www.hackerrank.com/challenges/find-the-median/problem,Sorting,Easy,Basic,HackerRank
The Full Counting Sort,https://www.hackerrank.com/challenges/countingsort4/problem,Sorting,Medium,Basic,HackerRank
Fraudulent Activity Notifications,https://www.hackerrank.com/challenges/fraudulent-activity-notifications/problem,Sorting,Medium,Intermediate,HackerRank
Lily's Homework,https://www.hackerrank.com/challenges/lilys-homework/problem,Sorting,Medium,Intermediate,HackerRank
Insertion Sort Advanced Analysis,https://www.hackerrank.com/challenges/insertion-sort/problem,Sorting,Hard,Advanced,HackerRank
Missing Numbers,https://www.hackerrank.com/challenges/missing-numbers/problem,Search,Easy,Basic,HackerRank
Sherlock and Array,https://www.hackerrank.com/challenges/sherlock-and-array/problem,Search,Easy,Basic,HackerRank
Ice Cream Parlor,https://www.hackerrank.com/challenges/icecream-parlor/problem,Search,Easy,Intermediate,HackerRank
Hackerland Radio Transmitters,https://www.hackerrank.com/challenges/hackerland-radio-transmitters/problem,Search,Medium,Intermediate,HackerRank
Gridland Metro,https://www.hackerrank.com/challenges/gridland-metro/problem,Search,Medium,Intermediate,HackerRank
Pairs,https://www.hackerrank.com/challenges/pairs/problem,Search,Medium,Intermediate,HackerRank
Minimum Loss,https://www.hackerrank.com/challenges/minimum-loss/problem,Search,Medium,Advanced,HackerRank
Connected Cells in a Grid,https://www.hackerrank.com/challenges/connected-cell-in-a-grid/problem,Search,Medium,Advanced,HackerRank
Short Palindrome,https://www.hackerrank.com/challenges/short-palindrome/problem,Search,Medium,Advanced,HackerRank
Gena Playing Hanoi,https://www.hackerrank.com/challenges/gena/problem,Search,Medium,Advanced,HackerRank
Maximum Subarray Sum,https://www.hackerrank.com/challenges/maximum-subarray-sum/problem,Search,Hard,Intermediate,HackerRank
Making Candies,https://www.hackerrank.com/challenges/making-candies/problem,Search,Hard,Intermediate,HackerRank
Roads and Libraries,https://www.hackerrank.com/challenges/torque-and-development/problem,Graph Theory,Medium,Advanced,HackerRank
Journey to the Moon,https://www.hackerrank.com/challenges/journey-to-the-moon/problem,Graph Theory,Medium,Advanced,HackerRank
Breadth First Search: Shortest Reach,https://www.hackerrank.com/challenges/bfsshortreach/problem,Graph Theory,Medium,Advanced,HackerRank
Kruskal (MST): Really Special Subtree,https://www.hackerrank.com/challenges/kruskalmstrsub/problem,Graph Theory,Medium,Advanced,HackerRank
Even Tree,https://www.hackerrank.com/challenges/even-tree/problem,Graph Theory,Medium,Advanced,HackerRank
Snakes and Ladders: The Quickest Way Up,https://www.hackerrank.com/challenges/the-quickest-way-up/problem,Graph Theory,Medium,Advanced,HackerRank
Prim's (MST) : Special Subtree,https://www.hackerrank.com/challenges/primsmstsub/problem,Graph Theory,Medium,Advanced,HackerRank
Jack goes to Rapture,https://www.hackerrank.com/challenges/jack-goes-to-rapture/problem,Graph Theory,Medium,Advanced,HackerRank
Subset Componenet,https://www.hackerrank.com/challenges/subset-component/problem,Graph Theory,Hard,Advanced,HackerRank
Dijkstra: Shortest Reach 2,https://www.hackerrank.com/challenges/dijkstrashortreach/problem,Graph Theory,Hard,Advanced,HackerRank
Bead Ornaments,https://www.hackerrank.com/challenges/beadornaments/problem,Graph Theory,Hard,Advanced,HackerRank
Floyd : City of Blinding Lights,https://www.hackerrank.com/challenges/floyd-city-of-blinding-lights/problem,Graph Theory,Hard,Advanced,HackerRank
Largest Permutation,https://www.hackerrank.com/challenges/largest-permutation/problem,Greedy,Easy,Basic,HackerRank
Minimum Absolute Difference in an Array,https://www.hackerrank.com/challenges/minimum-absolute-difference-in-an-array/problem,Greedy,Easy,Basic,HackerRank
Marc's Cakewalk,https://www.hackerrank.com/challenges/marcs-cakewalk/problem,Greedy,Easy,Basic,HackerRank
Grid Challenge,https://www.hackerrank.com/challenges/grid-challenge/problem,Greedy,Easy,Basic,HackerRank
Luck Balance,https://www.hackerrank.com/challenges/luck-balance/problem,Greedy,Easy,Basic,HackerRank
Maximum Perimeter Triangle,https://www.hackerrank.com/challenges/maximum-perimeter-triangle/problem,Greedy,Easy,Basic,HackerRank
Sherlock and The Beast,https://www.hackerrank.com/challenges/sherlock-and-the-beast/problem,Greedy,Easy,Basic,HackerRank
Priyanka And Toys,https://www.hackerrank.com/challenges/priyanka-and-toys/problem,Greedy,Easy,Basic,HackerRank
Marks and Toys,https://www.hackerrank.com/challenges/mark-and-toys/problem,Greedy,Easy,Basic,HackerRank
Jim and the Orders,https://www.hackerrank.com/challenges/jim-and-the-orders/problem,Greedy,Easy,Basic,HackerRank
Permuting Two Arrays,https://www.hackerrank.com/challenges/two-arrays/problem,Greedy,Easy,Basic,HackerRank
Beautiful Pairs,https://www.hackerrank.com/challenges/beautiful-pairs/problem,Greedy,Easy,Intermediate,HackerRank
Candies,https://www.hackerrank.com/challenges/candies/problem,Greedy,Medium,Basic,HackerRank
Greedy Florist,https://www.hackerrank.com/challenges/greedy-florist/problem,Greedy,Medium,Basic,HackerRank
Max Min,https://www.hackerrank.com/challenges/angry-children/problem,Greedy,Medium,Basic,HackerRank
Goodland Electricity,https://www.hackerrank.com/challenges/pylons/problem,Greedy,Medium,Basic,HackerRank
Cutting Boards,https://www.hackerrank.com/challenges/board-cutting/problem,Greedy,Hard,Intermediate,HackerRank
Chief Hopper,https://www.hackerrank.com/challenges/chief-hopper/problem,Greedy,Hard,Intermediate,HackerRank
Sherlock and MiniMax,https://www.hackerrank.com/challenges/sherlock-and-minimax/problem,Greedy,Hard,Intermediate,HackerRank
Reverse Shuffle Merge,https://www.hackerrank.com/challenges/reverse-shuffle-merge/problem,Greedy,Hard,Advanced,HackerRank
Fibonacci Modified,https://www.hackerrank.com/challenges/fibonacci-modified/problem,Dynamic Programming,Medium,Basic,HackerRank
The Coin Change Problem,https://www.hackerrank.com/challenges/coin-change/problem,Dynamic Programming,Medium,Intermediate,HackerRank
Equal,https://www.hackerrank.com/challenges/equal/problem,Dynamic Programming,Medium,Intermediate,HackerRank
Sherlock and Cost,https://www.hackerrank.com/challenges/sherlock-and-cost/problem,Dynamic Programming,Medium,Intermediate,HackerRank
Construct the Array,https://www.hackerrank.com/challenges/construct-the-array/problem,Dynamic Programming,Medium,Intermediate,HackerRank
Sam and substrings,https://www.hackerrank.com/challenges/sam-and-substrings/problem,Dynamic Programming,Medium,Intermediate,HackerRank
The Maximum Subarray,https://www.hackerrank.com/challenges/maxsubarray/problem,Dynamic Programming,Medium,Intermediate,HackerRank
Lego Blocks,https://www.hackerrank.com/challenges/lego-blocks/problem,Dynamic Programming,Medium,Intermediate,HackerRank
Stock Maximize,https://www.hackerrank.com/challenges/stockmax/problem,Dynamic Programming,Medium,Intermediate,HackerRank
Red John is Back,https://www.hackerrank.com/challenges/red-john-is-back/problem,Dynamic Programming,Medium,Intermediate,HackerRank
Knapsack,https://www.hackerrank.com/challenges/unbounded-knapsack/problem,Dynamic Programming,Medium,Intermediate,HackerRank
Abbreviation,https://www.hackerrank.com/challenges/abbr/problem,Dynamic Programming,Medium,Advanced,HackerRank
The Longest Common Subsequence,https://www.hackerrank.com/challenges/dynamic-programming-classics-the-longest-common-subsequence/problem,Dynamic Programming,Medium,Advanced,HackerRank
The Longest Increasing Subsequence,https://www.hackerrank.com/challenges/longest-increasing-subsequent/problem,Dynamic Programming,Hard,Advanced,HackerRank
Sum vs XOR,https://www.hackerrank.com/challenges/sum-vs-xor/problem,Bit Manipulation,Easy,Basic,HackerRank
Lonely Integer,https://www.hackerrank.com/challenges/lonely-integer/problem,Bit Manipulation,Easy,Basic,HackerRank
Maximizing XOR,https://www.hackerrank.com/challenges/maximizing-xor/problem,Bit Manipulation,Easy,Basic,HackerRank
Flipping bits,https://www.hackerrank.com/challenges/flipping-bits/problem,Bit Manipulation,Easy,Basic,HackerRank
Sansa and XOR,https://www.hackerrank.com/challenges/sansa-and-xor/problem,Bit Manipulation,Medium,Basic,HackerRank
Counter game,https://www.hackerrank.com/challenges/counter-game/problem,Bit Manipulation,Medium,Basic,HackerRank
AND Product,https://www.hackerrank.com/challenges/and-product/problem,Bit Manipulation,Medium,Basic,HackerRank
Xor-sequence,https://www.hackerrank.com/challenges/xor-se/problem,Bit Manipulation,Medium,Intermediate,HackerRank
Smart Number,https://www.hackerrank.com/challenges/smart-number/problem,Debugging,Easy,Basic,HackerRank
XOR Strings,https://www.hackerrank.com/challenges/strings-xor/problem,Debugging,Easy,Basic,HackerRank
Prime Dates,https://www.hackerrank.com/challenges/prime-date/problem,Debugging,Medium,Basic,HackerRank
Zig Zag Sequence,https://www.hackerrank.com/challenges/zig-zag-sequence/problem,Debugging,Medium,Basic,HackerRank
Minimum Operations,https://www.hackerrank.com/challenges/minimum-operations/problem,Debugging,Medium,Intermediate,HackerRank
Dynamic Array,https://www.hackerrank.com/challenges/dynamic-array/problem,Arrays,Easy,Basic,HackerRank
Arrays - DS,https://www.hackerrank.com/challenges/arrays-ds/problem,Arrays,Easy,Basic,HackerRank
2D Arrays - DS,https://www.hackerrank.com/challenges/2d-array/problem,Arrays,Easy,Basic,HackerRank
Left Rotation,https://www.hackerrank.com/challenges/array-left-rotation/problem,Arrays,Easy,Basic,HackerRank
Sparse Arrays,https://www.hackerrank.com/challenges/sparse-arrays/problem,Arrays,Medium,Basic,HackerRank
Array Manipulation,https://www.hackerrank.com/challenges/crush/problem,Arrays,Hard,Intermediate,HackerRank
Compare two linked lists,https://www.hackerrank.com/challenges/compare-two-linked-lists/problem,Linked Lists,Easy,Basic,HackerRank
Print the Elemnets of a Linked List,https://www.hackerrank.com/challenges/print-the-elements-of-a-linked-list/problem,Linked Lists,Easy,Basic,HackerRank
Insert a node at the head of a linked list,https://www.hackerrank.com/challenges/insert-a-node-at-the-head-of-a-linked-list/problem,Linked Lists,Easy,Basic,HackerRank
Delete a Node,https://www.hackerrank.com/challenges/delete-a-node-from-a-linked-list/problem,Linked Lists,Easy,Basic,HackerRank
Print in Reverse,https://www.hackerrank.com/challenges/print-the-elements-of-a-linked-list-in-reverse/problem,Linked Lists,Easy,Basic,HackerRank
Get Node Value,https://www.hackerrank.com/challenges/get-the-value-of-the-node-at-a-specific-position-from-the-tail/problem,Linked Lists,Easy,Basic,HackerRank
Find Merge Point of Two Lists,https://www.hackerrank.com/challenges/find-the-merge-point-of-two-joined-linked-lists/problem,Linked Lists,Easy,Basic,HackerRank
Reverse a linked list,https://www.hackerrank.com/challenges/reverse-a-linked-list/problem,Linked Lists,Easy,Intermediate,HackerRank
Insert a Node at the Tail of a Linked List,https://www.hackerrank.com/challenges/insert-a-node-at-the-tail-of-a-linked-list/problem,Linked Lists,Easy,Intermediate,HackerRank
Insert a node at a specific position in a linked list,https://www.hackerrank.com/challenges/insert-a-node-at-a-specific-position-in-a-linked-list/problem,Linked Lists,Easy,Intermediate,HackerRank
Merge two sorted linked lists,https://www.hackerrank.com/challenges/merge-two-sorted-linked-lists/problem,Linked Lists,Easy,Intermediate,HackerRank
Delete duplicate-value nodes from a sorted linked list,https://www.hackerrank.com/challenges/delete-duplicate-value-nodes-from-a-sorted-linked-list/problem,Linked Lists,Easy,Intermediate,HackerRank
Inserting a Node Into a Sorted Doubly Linked List,https://www.hackerrank.com/challenges/insert-a-node-into-a-sorted-doubly-linked-list/problem,Linked Lists,Easy,Intermediate,HackerRank
Reverse a doubly linked list,https://www.hackerrank.com/challenges/reverse-a-doubly-linked-list/problem,Linked Lists,Easy,Intermediate,HackerRank
Cycle Detection,https://www.hackerrank.com/challenges/detect-whether-a-linked-list-contains-a-cycle/problem,Linked Lists,Medium,Intermediate,HackerRank
Tree: Preorder Traversal,https://www.hackerrank.com/challenges/tree-preorder-traversal/problem,Trees,Easy,Intermediate,HackerRank
Tree: Postorder Traversal,https://www.hackerrank.com/challenges/tree-postorder-traversal/problem,Trees,Easy,Intermediate,HackerRank
Tree: Inorder Traversal,https://www.hackerrank.com/challenges/tree-inorder-traversal/problem,Trees,Easy,Advanced,HackerRank
Tree: Height of a Binary Tree,https://www.hackerrank.com/challenges/tree-height-of-a-binary-tree/problem,Trees,Easy,Advanced,HackerRank
Tree : Top View,https://www.hackerrank.com/challenges/tree-top-view/problem,Trees,Easy,Advanced,HackerRank
Tree: Level Order Traversal,https://www.hackerrank.com/challenges/tree-level-order-traversal/problem,Trees,Easy,Advanced,HackerRank
Binary Search Tree : Insertion,https://www.hackerrank.com/challenges/binary-search-tree-insertion/problem,Trees,Easy,Advanced,HackerRank
Binary Search Tree : Lowest Common Ancestor,https://www.hackerrank.com/challenges/binary-search-tree-lowest-common-ancestor/problem,Trees,Easy,Advanced,HackerRank
Tree: Huffman Decoding,https://www.hackerrank.com/challenges/tree-huffman-decoding/problem,Trees,Medium,Intermediate,HackerRank
Swap Nodes [Algo],https://www.hackerrank.com/challenges/swap-nodes-algo/problem,Trees,Medium,Advanced,HackerRank
Is This a Binary Search Tree?,https://www.hackerrank.com/challenges/is-binary-search-tree/problem,Trees,Medium,Advanced,HackerRank
Kitty's Calculations on a Tree,https://www.hackerrank.com/challenges/kittys-calculations-on-a-tree/problem,Trees,Hard,Advanced,HackerRank
Maximum Element,https://www.hackerrank.com/challenges/maximum-element/problem,Stacks,Easy,Intermediate,HackerRank
Equal Stacks,https://www.hackerrank.com/challenges/equal-stacks/problem,Stacks,Easy,Intermediate,HackerRank
Balanced Brackets,https://www.hackerrank.com/challenges/balanced-brackets/problem,Stacks,Medium,Intermediate,HackerRank
Game of Two Stacks,https://www.hackerrank.com/challenges/game-of-two-stacks/problem,Stacks,Medium,Intermediate,HackerRank
Largest Rectangle,https://www.hackerrank.com/challenges/largest-rectangle/problem,Stacks,Medium,Intermediate,HackerRank
Simple Text Editor,https://www.hackerrank.com/challenges/simple-text-editor/problem,Stacks,Medium,Intermediate,HackerRank
Waiter,https://www.hackerrank.com/challenges/waiter/problem,Stacks,Medium,Intermediate,HackerRank
Poisonous Plants,https://www.hackerrank.com/challenges/poisonous-plants/problem,Stacks,Hard,Advanced,HackerRank
Queue using Two Stacks,https://www.hackerrank.com/challenges/queue-using-two-stacks/problem,Queues,Medium,Intermediate,HackerRank
Down to Zero II,https://www.hackerrank.com/challenges/down-to-zero-ii/problem,Queues,Medium,Intermediate,HackerRank
Castle on the Grid,https://www.hackerrank.com/challenges/castle-on-the-grid/problem,Queues,Medium,Advanced,HackerRank
Truck Tour,https://www.hackerrank.com/challenges/truck-tour/problem,Queues,Hard,Intermediate,HackerRank
Queries with Fixed Length,https://www.hackerrank.com/challenges/queries-with-fixed-length/problem,Queues,Hard,Intermediate,HackerRank
Contest Proposal,https://codeforces.com/problemset/problem/1972/A,"Greedy,two pointers",Easy,Basic,Codeforces
Coin Games,https://codeforces.com/problemset/problem/1972/B,"Games,Math",Easy,Basic,Codeforces
Way Too Long Words,https://codeforces.com/problemset/problem/71/A,String,Easy,Basic,Codeforces
Team,https://codeforces.com/problemset/problem/231/A,"Greedy,two pointers",Easy,Basic,Codeforces
Watermelon,https://codeforces.com/problemset/problem/4/A,Math,Easy,Basic,Codeforces
Pangram,https://codeforces.com/problemset/problem/520/A,String,Easy,Basic,Codeforces
Soldier and Bananas,https://codeforces.com/problemset/problem/546/A,Math,Easy,Basic,Codeforces
Word Capitalization,https://codeforces.com/problemset/problem/281/A,String,Easy,Basic,Codeforces
Beautiful Matrix,https://codeforces.com/problemset/problem/263/A,Matrix,Easy,Basic,Codeforces
 Football,https://codeforces.com/problemset/problem/96/A,String,Easy,Basic,Codeforces
Sale,https://codeforces.com/problemset/problem/34/B,"greedy,sorting",Easy,Basic,Codeforces
Clock and Strings,https://codeforces.com/problemset/problem/1971/C,implemenatation,Easy,Intermediate,Codeforces
 Painting the Ribbon,https://codeforces.com/problemset/problem/1954/A,"Greedy,Math",Easy,Intermediate,Codeforces
 Dual Trigger,https://codeforces.com/problemset/problem/1951/A,"Greedy,Math",Easy,Intermediate,Codeforces
 Rudolf and the Ugly String,https://codeforces.com/problemset/problem/1941/C,Dynamic programming,Easy,Intermediate,Codeforces
Petya and Strings,https://codeforces.com/problemset/problem/112/A,String,Easy,Intermediate,Codeforces
Helpful Maths,https://codeforces.com/problemset/problem/339/A,String,Easy,Intermediate,Codeforces
Binary Cut,https://codeforces.com/problemset/problem/1971/D,Dynamic programming,Easy,Intermediate,Codeforces
How Does the Rook Move?,https://codeforces.com/problemset/problem/1957/C,Dynamic programming,Easy,Intermediate,Codeforces
Product of Binary Decimals,https://codeforces.com/problemset/problem/1950/D,Dynamic programming,Easy,Intermediate,Codeforces
Array Fix,https://codeforces.com/problemset/problem/1948/B,Dynamic programming,Easy,Basic,Codeforces
Tree Cutting,https://codeforces.com/problemset/problem/1946/C,Dynamic programming,Easy,Basic,Codeforces
Rudolf and the Ugly String,https://codeforces.com/problemset/problem/1941/C,Dynamic programming,Easy,Basic,Codeforces
An impassioned circulation of affection,https://codeforces.com/problemset/problem/814/C,String,Easy,Basic,Codeforces
Maximum Sum,https://codeforces.com/problemset/problem/1946/B,Dynamic programming,Easy,Basic,Codeforces
Binary Path,https://codeforces.com/problemset/problem/1937/B,Dynamic programming,Easy,Basic,Codeforces
Find the Different Ones!,https://codeforces.com/problemset/problem/1927/D,Dynamic programming,Easy,Basic,Codeforces
Did We Get Everything Covered?,https://codeforces.com/problemset/problem/1924/A,Dynamic programming,Easy,Basic,Codeforces
Tree Cutting,https://codeforces.com/problemset/problem/1946/C,Trees,Easy,Basic,Codeforces
Sum in Binary Tree,https://codeforces.com/problemset/problem/1843/C,Trees,Easy,Basic,Codeforces
Gardener and Tree,https://codeforces.com/problemset/problem/1593/E,Trees,Easy,Basic,Codeforces
Compression and Expansion,https://codeforces.com/problemset/problem/1523/C,Trees,Easy,Basic,Codeforces
 Party,https://codeforces.com/problemset/problem/115/A,Trees,Easy,Basic,Codeforces
Min-Fund Prison,https://codeforces.com/problemset/problem/1970/G3,"Trees,Bit masking,Graphs",Easy,Advanced,Codeforces
 Arithmancy,https://codeforces.com/problemset/problem/1970/D1,String,Medium,Advanced,Codeforces
Folding Strip,https://codeforces.com/problemset/problem/1965/C,String,Medium,Advanced,Codeforces
Ranom Number,https://codeforces.com/problemset/problem/1841/C,String,Medium,Advanced,Codeforces
Sum over all Substrings,https://codeforces.com/problemset/problem/1930/D1,String,Medium,Advanced,Codeforces
Password,https://codeforces.com/problemset/problem/126/B,String,Medium,Advanced,Codeforces
Tandem Repeats?,https://codeforces.com/problemset/problem/1948/D,String,Medium,Intermediate,Codeforces
Shifting String,https://codeforces.com/problemset/problem/1690/F,String,Medium,Intermediate,Codeforces
Spring Cleaning,https://codeforces.com/problemset/problem/1346/C,Sorting,Easy,Advanced,Codeforces
Bus,https://codeforces.com/problemset/problem/172/C,Sorting,Easy,Advanced,Codeforces
Geometry Horse,https://codeforces.com/problemset/problem/175/C,Sorting,Easy,Advanced,Codeforces
Oh Sweet Beaverette,https://codeforces.com/problemset/problem/331/A2,Sorting,Easy,Advanced,Codeforces
Trading Business,https://codeforces.com/problemset/problem/176/A,Sorting,Easy,Advanced,Codeforces
Technogoblet of Fire,https://codeforces.com/problemset/problem/1121/A,Sorting,Easy,Intermediate,Codeforces
Views Matter,https://codeforces.com/problemset/problem/1061/B,"Greedy,Sorting",Easy,Intermediate,Codeforces
Developing Skills,https://codeforces.com/problemset/problem/581/C,"Math,Sorting",Easy,Intermediate,Codeforces
Maximal Intersection,https://codeforces.com/problemset/problem/1029/C,"Greedy,Math,Sorting",Easy,Intermediate,Codeforces
Replacement,https://codeforces.com/problemset/problem/135/A,"Greedy,Sorting",Easy,Intermediate,Codeforces
Triple,https://codeforces.com/problemset/problem/1669/B,Sorting,Easy,Basic,Codeforces
Equal Candies,https://codeforces.com/problemset/problem/1676/B,"Math,Sorting",Easy,Basic,Codeforces
Honest Coach,https://codeforces.com/problemset/problem/1360/B,"Greedy,Sorting",Easy,Basic,Codeforces
Team Olympiad,https://codeforces.com/problemset/problem/490/A,"Greedy,Sorting",Easy,Basic,Codeforces
Remove Smallest,https://codeforces.com/problemset/problem/1399/A,"Greedy,Sorting",Easy,Basic,Codeforces
The Last Fight Between Human and AI,https://codeforces.com/problemset/problem/676/E,Math,Medium,Advanced,Codeforces
Colored Balls,https://codeforces.com/problemset/problem/792/E,"Greedy,Math",Medium,Advanced,Codeforces
Squares,https://codeforces.com/problemset/problem/123/B,Math,Medium,Advanced,Codeforces
Lottery,https://codeforces.com/problemset/problem/1835/B,"Math,Greedy,Two Pointers",Medium,Advanced,Codeforces
Fill the Matrix,https://codeforces.com/problemset/problem/1841/E,"Greedy,Math",Medium,Intermediate,Codeforces
Math Show,https://codeforces.com/problemset/problem/846/B,Greedy,Medium,Intermediate,Codeforces
Jeremy Bearimy,https://codeforces.com/problemset/problem/1280/C,"Graphs,Greedy,Trees",Medium,Intermediate,Codeforces
Jury Meeting,https://codeforces.com/problemset/problem/853/B,"Greedy,Sorting",Medium,Intermediate,Codeforces
Tree XOR,https://codeforces.com/problemset/problem/1882/D,"Bit Manipulation,Greedy,Trees",Medium,Basic,Codeforces
"""Or"" Game",https://codeforces.com/problemset/problem/578/B,Greedy,Medium,Basic,Codeforces
Double Lexicographically Minimum,https://codeforces.com/problemset/problem/1799/C,"Greedy,Strings",Medium,Basic,Codeforces
Sheikh,https://codeforces.com/problemset/problem/1732/C1,"Bit Manipulation,Greedy,Two Pointers",Medium,Basic,Codeforces
Crisp String,https://codeforces.com/problemset/problem/1117/F,Bit Manipulation,Medium,Advanced,Codeforces
Clear The Matrix,https://codeforces.com/problemset/problem/903/F,Bit Manipulation,Medium,Advanced,Codeforces
Nuclear Fusion,https://codeforces.com/problemset/problem/71/E,Bit Manipulation,Medium,Advanced,Codeforces
Little Girl and Maximum XOR,https://codeforces.com/problemset/problem/276/D,"Bit Manipulation,Greedy,Math",Medium,Basic,Codeforces
"AND,OR and square sum",https://codeforces.com/problemset/problem/1368/D,"Bit Manipulation,Greedy,Math",Medium,Basic,Codeforces
Bicolorings,https://codeforces.com/problemset/problem/1051/D,Bit Manipulation,Medium,Basic,Codeforces
PolandBall and Gifts,https://codeforces.com/problemset/problem/755/F,"Bit Manipulation,Greedy",Hard,Intermediate,Codeforces
Reality Show,https://codeforces.com/problemset/problem/1322/D,Bit Manipulation,Hard,Intermediate,Codeforces
Two Subsequences,https://codeforces.com/problemset/problem/83/E,Bit Manipulation,Hard,Intermediate,Codeforces
Two Sets,https://codeforces.com/problemset/problem/251/D,"Bit Manipulation,Math",Hard,Intermediate,Codeforces
Favorite Game,https://codeforces.com/problemset/problem/1523/F,Bit Manipulation,Hard,Intermediate,Codeforces
